/*******************************************************************************
* djinterp [parse]                                            lex_unicode_data.h
*
* Identifier and normalization tables for lex_unicode.c.
*   Auto-generated. Do not edit by hand.
*   Generated by tools/gen_unicode.py from the Unicode 18.0.0
* Character Database and tools/data/identifier_annexes.txt.
* Inputs, by SHA-256:
*   DerivedCoreProperties.txt      5e65e031d1f986861fc1029c57e73067
*   DerivedNormalizationProps.txt  a8520eb851d4eaeb7d5a97735b4b740c
*   UnicodeData.txt                0736451de439ae7baf1425136617da49
*   identifier_annexes.txt         115790ba347d7b88d0ae86d423b7f7bb
*
*
* path:      /src/djinterp/parse/lex/lex_unicode_data.h
* link(s):   TBA
* author(s): Samuel 'teer' Neal-Blim                         created: 2026.09.22
*                                                            revised: 2026.10.02
*******************************************************************************/

#ifndef DJINTERP_PARSE_LEX_LEX_UNICODE_DATA_H
#define DJINTERP_PARSE_LEX_LEX_UNICODE_DATA_H 1


// re_std
#include "../../../../inc/re_std/cstdint/dstdint.h"  // uint32_t
// d_lex_unicode_range
//   struct: one closed range of code points, the element of every table.
struct d_lex_unicode_range
{
    uint32_t first;
    uint32_t last;
};

// d_lex_unicode_class
//   struct: a range sharing one canonical combining class.
struct d_lex_unicode_class
{
    uint32_t first;
    uint32_t last;
    uint32_t value;
};

// d_lex_unicode_pair
//   struct: a code point and the two it maps to or from; `second` is
// zero for a singleton decomposition.
struct d_lex_unicode_pair
{
    uint32_t key;
    uint32_t first;
    uint32_t second;
};

// D_INTERNAL_UNICODE_VERSION
//   constant: the UCD release the tables were built from.
#define D_INTERNAL_UNICODE_VERSION "18.0.0"

// d_internal_xid_start
//   constant: UAX #31 XID_Start; 702 ranges.
static const struct d_lex_unicode_range d_internal_xid_start[] =
{
    {0x00041,0x0005A}, {0x00061,0x0007A}, {0x000AA,0x000AA}, {0x000B5,0x000B5},
    {0x000BA,0x000BA}, {0x000C0,0x000D6}, {0x000D8,0x000F6}, {0x000F8,0x002C1},
    {0x002C6,0x002D1}, {0x002E0,0x002E4}, {0x002EC,0x002EC}, {0x002EE,0x002EE},
    {0x00370,0x00374}, {0x00376,0x00377}, {0x0037B,0x0037D}, {0x0037F,0x0037F},
    {0x00386,0x00386}, {0x00388,0x0038A}, {0x0038C,0x0038C}, {0x0038E,0x003A1},
    {0x003A3,0x003F5}, {0x003F7,0x00481}, {0x0048A,0x0052F}, {0x00531,0x00556},
    {0x00558,0x00559}, {0x00560,0x00588}, {0x0058B,0x0058C}, {0x005D0,0x005EA},
    {0x005EF,0x005F2}, {0x00620,0x0064A}, {0x0066E,0x0066F}, {0x00671,0x006D3},
    {0x006D5,0x006D5}, {0x006E5,0x006E6}, {0x006EE,0x006EF}, {0x006FA,0x006FC},
    {0x006FF,0x006FF}, {0x00710,0x00710}, {0x00712,0x0072F}, {0x0074D,0x007A5},
    {0x007B1,0x007B1}, {0x007CA,0x007EA}, {0x007F4,0x007F5}, {0x007FA,0x007FA},
    {0x00800,0x00815}, {0x0081A,0x0081A}, {0x00824,0x00824}, {0x00828,0x00828},
    {0x00840,0x00858}, {0x00860,0x0086A}, {0x00870,0x00887}, {0x00889,0x0088F},
    {0x008A0,0x008C9}, {0x00904,0x00939}, {0x0093D,0x0093D}, {0x00950,0x00950},
    {0x00958,0x00961}, {0x00971,0x00980}, {0x00985,0x0098C}, {0x0098F,0x00990},
    {0x00993,0x009A8}, {0x009AA,0x009B0}, {0x009B2,0x009B2}, {0x009B6,0x009B9},
    {0x009BD,0x009BD}, {0x009CE,0x009CE}, {0x009DC,0x009DD}, {0x009DF,0x009E1},
    {0x009F0,0x009F1}, {0x009FC,0x009FC}, {0x00A05,0x00A0A}, {0x00A0F,0x00A10},
    {0x00A13,0x00A28}, {0x00A2A,0x00A30}, {0x00A32,0x00A33}, {0x00A35,0x00A36},
    {0x00A38,0x00A39}, {0x00A59,0x00A5C}, {0x00A5E,0x00A5E}, {0x00A72,0x00A74},
    {0x00A85,0x00A8D}, {0x00A8F,0x00A91}, {0x00A93,0x00AA8}, {0x00AAA,0x00AB0},
    {0x00AB2,0x00AB3}, {0x00AB5,0x00AB9}, {0x00ABD,0x00ABD}, {0x00AD0,0x00AD0},
    {0x00AE0,0x00AE1}, {0x00AF9,0x00AF9}, {0x00B05,0x00B0C}, {0x00B0F,0x00B10},
    {0x00B13,0x00B28}, {0x00B2A,0x00B30}, {0x00B32,0x00B33}, {0x00B35,0x00B39},
    {0x00B3D,0x00B3D}, {0x00B5C,0x00B5D}, {0x00B5F,0x00B61}, {0x00B71,0x00B71},
    {0x00B83,0x00B83}, {0x00B85,0x00B8A}, {0x00B8E,0x00B90}, {0x00B92,0x00B95},
    {0x00B99,0x00B9A}, {0x00B9C,0x00B9C}, {0x00B9E,0x00B9F}, {0x00BA3,0x00BA4},
    {0x00BA8,0x00BAA}, {0x00BAE,0x00BB9}, {0x00BD0,0x00BD0}, {0x00C05,0x00C0C},
    {0x00C0E,0x00C10}, {0x00C12,0x00C28}, {0x00C2A,0x00C39}, {0x00C3D,0x00C3D},
    {0x00C58,0x00C5A}, {0x00C5C,0x00C5D}, {0x00C60,0x00C61}, {0x00C80,0x00C80},
    {0x00C85,0x00C8C}, {0x00C8E,0x00C90}, {0x00C92,0x00CA8}, {0x00CAA,0x00CB3},
    {0x00CB5,0x00CB9}, {0x00CBD,0x00CBD}, {0x00CDC,0x00CDE}, {0x00CE0,0x00CE1},
    {0x00CF1,0x00CF2}, {0x00D04,0x00D0C}, {0x00D0E,0x00D10}, {0x00D12,0x00D3A},
    {0x00D3D,0x00D3D}, {0x00D4E,0x00D4E}, {0x00D54,0x00D56}, {0x00D5F,0x00D61},
    {0x00D7A,0x00D7F}, {0x00D85,0x00D96}, {0x00D9A,0x00DB1}, {0x00DB3,0x00DBB},
    {0x00DBD,0x00DBD}, {0x00DC0,0x00DC6}, {0x00E01,0x00E30}, {0x00E32,0x00E32},
    {0x00E40,0x00E46}, {0x00E81,0x00E82}, {0x00E84,0x00E84}, {0x00E86,0x00E8A},
    {0x00E8C,0x00EA3}, {0x00EA5,0x00EA5}, {0x00EA7,0x00EB0}, {0x00EB2,0x00EB2},
    {0x00EBD,0x00EBD}, {0x00EC0,0x00EC4}, {0x00EC6,0x00EC6}, {0x00EDC,0x00EDF},
    {0x00F00,0x00F00}, {0x00F40,0x00F47}, {0x00F49,0x00F6C}, {0x00F88,0x00F8C},
    {0x01000,0x0102A}, {0x0103F,0x0103F}, {0x01050,0x01055}, {0x0105A,0x0105D},
    {0x01061,0x01061}, {0x01065,0x01066}, {0x0106E,0x01070}, {0x01075,0x01081},
    {0x0108E,0x0108E}, {0x010A0,0x010C5}, {0x010C7,0x010C7}, {0x010CD,0x010CD},
    {0x010D0,0x010FA}, {0x010FC,0x01248}, {0x0124A,0x0124D}, {0x01250,0x01256},
    {0x01258,0x01258}, {0x0125A,0x0125D}, {0x01260,0x01288}, {0x0128A,0x0128D},
    {0x01290,0x012B0}, {0x012B2,0x012B5}, {0x012B8,0x012BE}, {0x012C0,0x012C0},
    {0x012C2,0x012C5}, {0x012C8,0x012D6}, {0x012D8,0x01310}, {0x01312,0x01315},
    {0x01318,0x0135A}, {0x01380,0x0138F}, {0x013A0,0x013F5}, {0x013F8,0x013FD},
    {0x01401,0x0166C}, {0x0166F,0x0167F}, {0x01681,0x0169A}, {0x016A0,0x016EA},
    {0x016EE,0x016F8}, {0x01700,0x01711}, {0x0171F,0x01731}, {0x01740,0x01751},
    {0x01760,0x0176C}, {0x0176E,0x01770}, {0x01780,0x017B3}, {0x017D7,0x017D7},
    {0x017DC,0x017DC}, {0x01820,0x01878}, {0x01880,0x018A8}, {0x018AA,0x018AA},
    {0x018B0,0x018F5}, {0x01900,0x0191E}, {0x01950,0x0196D}, {0x01970,0x01974},
    {0x01980,0x019AB}, {0x019B0,0x019C9}, {0x01A00,0x01A16}, {0x01A20,0x01A54},
    {0x01AA7,0x01AA7}, {0x01B05,0x01B33}, {0x01B45,0x01B4C}, {0x01B83,0x01BA0},
    {0x01BAE,0x01BAF}, {0x01BBA,0x01BE5}, {0x01C00,0x01C23}, {0x01C4D,0x01C4F},
    {0x01C5A,0x01C7D}, {0x01C80,0x01C8A}, {0x01C90,0x01CBA}, {0x01CBD,0x01CBF},
    {0x01CE9,0x01CEC}, {0x01CEE,0x01CF3}, {0x01CF5,0x01CF6}, {0x01CFA,0x01CFA},
    {0x01D00,0x01DBF}, {0x01E00,0x01F15}, {0x01F18,0x01F1D}, {0x01F20,0x01F45},
    {0x01F48,0x01F4D}, {0x01F50,0x01F57}, {0x01F59,0x01F59}, {0x01F5B,0x01F5B},
    {0x01F5D,0x01F5D}, {0x01F5F,0x01F7D}, {0x01F80,0x01FB4}, {0x01FB6,0x01FBC},
    {0x01FBE,0x01FBE}, {0x01FC2,0x01FC4}, {0x01FC6,0x01FCC}, {0x01FD0,0x01FD3},
    {0x01FD6,0x01FDB}, {0x01FE0,0x01FEC}, {0x01FF2,0x01FF4}, {0x01FF6,0x01FFC},
    {0x02071,0x02071}, {0x0207F,0x0207F}, {0x0208F,0x0209F}, {0x02102,0x02102},
    {0x02107,0x02107}, {0x0210A,0x02113}, {0x02115,0x02115}, {0x02118,0x0211D},
    {0x02124,0x02124}, {0x02126,0x02126}, {0x02128,0x02128}, {0x0212A,0x02139},
    {0x0213C,0x0213F}, {0x02145,0x02149}, {0x0214E,0x0214E}, {0x02160,0x02188},
    {0x02C00,0x02CE4}, {0x02CEB,0x02CEE}, {0x02CF2,0x02CF3}, {0x02D00,0x02D25},
    {0x02D27,0x02D27}, {0x02D2D,0x02D2D}, {0x02D30,0x02D67}, {0x02D6F,0x02D6F},
    {0x02D80,0x02D96}, {0x02DA0,0x02DA6}, {0x02DA8,0x02DAE}, {0x02DB0,0x02DB6},
    {0x02DB8,0x02DBE}, {0x02DC0,0x02DC6}, {0x02DC8,0x02DCE}, {0x02DD0,0x02DD6},
    {0x02DD8,0x02DDE}, {0x03005,0x03007}, {0x03021,0x03029}, {0x03031,0x03035},
    {0x03038,0x0303C}, {0x03041,0x03096}, {0x0309D,0x0309F}, {0x030A1,0x030FA},
    {0x030FC,0x030FF}, {0x03105,0x0312F}, {0x03131,0x0318E}, {0x031A0,0x031BF},
    {0x031F0,0x031FF}, {0x03400,0x04DBF}, {0x04E00,0x0A48C}, {0x0A4D0,0x0A4FD},
    {0x0A500,0x0A60C}, {0x0A610,0x0A61F}, {0x0A62A,0x0A62B}, {0x0A640,0x0A66E},
    {0x0A67F,0x0A69D}, {0x0A6A0,0x0A6EF}, {0x0A717,0x0A71F}, {0x0A722,0x0A788},
    {0x0A78B,0x0A7DD}, {0x0A7E2,0x0A7E2}, {0x0A7F1,0x0A801}, {0x0A803,0x0A805},
    {0x0A807,0x0A80A}, {0x0A80C,0x0A822}, {0x0A840,0x0A873}, {0x0A882,0x0A8B3},
    {0x0A8F2,0x0A8F7}, {0x0A8FB,0x0A8FB}, {0x0A8FD,0x0A8FE}, {0x0A90A,0x0A925},
    {0x0A930,0x0A946}, {0x0A960,0x0A97C}, {0x0A984,0x0A9B2}, {0x0A9CF,0x0A9CF},
    {0x0A9E0,0x0A9E4}, {0x0A9E6,0x0A9EF}, {0x0A9FA,0x0A9FE}, {0x0AA00,0x0AA28},
    {0x0AA40,0x0AA42}, {0x0AA44,0x0AA4B}, {0x0AA60,0x0AA76}, {0x0AA7A,0x0AA7A},
    {0x0AA7E,0x0AAAF}, {0x0AAB1,0x0AAB1}, {0x0AAB5,0x0AAB6}, {0x0AAB9,0x0AABD},
    {0x0AAC0,0x0AAC0}, {0x0AAC2,0x0AAC2}, {0x0AADB,0x0AADD}, {0x0AAE0,0x0AAEA},
    {0x0AAF2,0x0AAF4}, {0x0AB01,0x0AB06}, {0x0AB09,0x0AB0E}, {0x0AB11,0x0AB16},
    {0x0AB20,0x0AB26}, {0x0AB28,0x0AB2E}, {0x0AB30,0x0AB5A}, {0x0AB5C,0x0AB69},
    {0x0AB6C,0x0AB6D}, {0x0AB70,0x0ABE2}, {0x0AC00,0x0D7A3}, {0x0D7B0,0x0D7C6},
    {0x0D7CB,0x0D7FB}, {0x0F900,0x0FA6D}, {0x0FA70,0x0FAD9}, {0x0FB00,0x0FB06},
    {0x0FB13,0x0FB17}, {0x0FB1D,0x0FB1D}, {0x0FB1F,0x0FB28}, {0x0FB2A,0x0FB36},
    {0x0FB38,0x0FB3C}, {0x0FB3E,0x0FB3E}, {0x0FB40,0x0FB41}, {0x0FB43,0x0FB44},
    {0x0FB46,0x0FBB1}, {0x0FBD3,0x0FC5D}, {0x0FC64,0x0FD3D}, {0x0FD50,0x0FD8F},
    {0x0FD92,0x0FDC7}, {0x0FDF0,0x0FDF9}, {0x0FE71,0x0FE71}, {0x0FE73,0x0FE73},
    {0x0FE77,0x0FE77}, {0x0FE79,0x0FE79}, {0x0FE7B,0x0FE7B}, {0x0FE7D,0x0FE7D},
    {0x0FE7F,0x0FEFC}, {0x0FF21,0x0FF3A}, {0x0FF41,0x0FF5A}, {0x0FF66,0x0FF9D},
    {0x0FFA0,0x0FFBE}, {0x0FFC2,0x0FFC7}, {0x0FFCA,0x0FFCF}, {0x0FFD2,0x0FFD7},
    {0x0FFDA,0x0FFDC}, {0x10000,0x1000B}, {0x1000D,0x10026}, {0x10028,0x1003A},
    {0x1003C,0x1003D}, {0x1003F,0x1004D}, {0x10050,0x1005D}, {0x10080,0x100FA},
    {0x10140,0x10174}, {0x10280,0x1029C}, {0x102A0,0x102D0}, {0x10300,0x1031F},
    {0x1032D,0x1034A}, {0x10350,0x10375}, {0x10380,0x1039D}, {0x103A0,0x103C3},
    {0x103C8,0x103CF}, {0x103D1,0x103D5}, {0x10400,0x1049D}, {0x104B0,0x104D3},
    {0x104D8,0x104FB}, {0x10500,0x10527}, {0x10530,0x10563}, {0x10570,0x1057A},
    {0x1057C,0x1058A}, {0x1058C,0x10592}, {0x10594,0x10595}, {0x10597,0x105A1},
    {0x105A3,0x105B1}, {0x105B3,0x105B9}, {0x105BB,0x105BC}, {0x105C0,0x105F3},
    {0x10600,0x10736}, {0x10740,0x10755}, {0x10760,0x10767}, {0x10780,0x10785},
    {0x10787,0x107B0}, {0x107B2,0x107BF}, {0x10800,0x10805}, {0x10808,0x10808},
    {0x1080A,0x10835}, {0x10837,0x10838}, {0x1083C,0x1083C}, {0x1083F,0x10855},
    {0x10860,0x10876}, {0x10880,0x1089E}, {0x108E0,0x108F2}, {0x108F4,0x108F5},
    {0x10900,0x10915}, {0x10920,0x10939}, {0x10940,0x10959}, {0x10980,0x109B7},
    {0x109BE,0x109BF}, {0x10A00,0x10A00}, {0x10A10,0x10A13}, {0x10A15,0x10A17},
    {0x10A19,0x10A35}, {0x10A60,0x10A7C}, {0x10A80,0x10A9C}, {0x10AC0,0x10AC7},
    {0x10AC9,0x10AE4}, {0x10B00,0x10B35}, {0x10B40,0x10B55}, {0x10B60,0x10B72},
    {0x10B80,0x10B91}, {0x10C00,0x10C48}, {0x10C80,0x10CB2}, {0x10CC0,0x10CF2},
    {0x10D00,0x10D23}, {0x10D4A,0x10D65}, {0x10D6F,0x10D85}, {0x10E80,0x10EA9},
    {0x10EB0,0x10EB1}, {0x10EC2,0x10EC7}, {0x10ED9,0x10EEE}, {0x10F00,0x10F1C},
    {0x10F27,0x10F27}, {0x10F30,0x10F45}, {0x10F70,0x10F81}, {0x10FB0,0x10FC4},
    {0x10FE0,0x10FF6}, {0x11003,0x11037}, {0x11071,0x11072}, {0x11075,0x11075},
    {0x11083,0x110AF}, {0x110D0,0x110E8}, {0x11103,0x11126}, {0x11144,0x11144},
    {0x11147,0x11147}, {0x11150,0x11172}, {0x11176,0x11176}, {0x11183,0x111B2},
    {0x111C1,0x111C4}, {0x111DA,0x111DA}, {0x111DC,0x111DC}, {0x11200,0x11211},
    {0x11213,0x1122B}, {0x1123F,0x11240}, {0x11280,0x11286}, {0x11288,0x11288},
    {0x1128A,0x1128D}, {0x1128F,0x1129D}, {0x1129F,0x112A8}, {0x112B0,0x112DE},
    {0x11305,0x1130C}, {0x1130F,0x11310}, {0x11313,0x11328}, {0x1132A,0x11330},
    {0x11332,0x11333}, {0x11335,0x11339}, {0x1133D,0x1133D}, {0x11350,0x11350},
    {0x1135D,0x11361}, {0x11380,0x11389}, {0x1138B,0x1138B}, {0x1138E,0x1138E},
    {0x11390,0x113B5}, {0x113B7,0x113B7}, {0x113D1,0x113D1}, {0x113D3,0x113D3},
    {0x11400,0x11434}, {0x11447,0x1144A}, {0x1145F,0x11461}, {0x11480,0x114AF},
    {0x114C4,0x114C5}, {0x114C7,0x114C7}, {0x11580,0x115AE}, {0x115D8,0x115DB},
    {0x11600,0x1162F}, {0x11644,0x11644}, {0x11680,0x116AA}, {0x116B8,0x116B8},
    {0x11700,0x1171A}, {0x11740,0x11746}, {0x11800,0x1182B}, {0x118A0,0x118DF},
    {0x118FF,0x11906}, {0x11909,0x11909}, {0x1190C,0x11913}, {0x11915,0x11916},
    {0x11918,0x1192F}, {0x1193F,0x1193F}, {0x11941,0x11941}, {0x119A0,0x119A7},
    {0x119AA,0x119D0}, {0x119E1,0x119E1}, {0x119E3,0x119E3}, {0x11A00,0x11A00},
    {0x11A0B,0x11A32}, {0x11A3A,0x11A3A}, {0x11A50,0x11A50}, {0x11A5C,0x11A89},
    {0x11A9D,0x11A9D}, {0x11AB0,0x11AF8}, {0x11B0A,0x11B0A}, {0x11BC0,0x11BE0},
    {0x11C00,0x11C08}, {0x11C0A,0x11C2E}, {0x11C40,0x11C40}, {0x11C72,0x11C8F},
    {0x11D00,0x11D06}, {0x11D08,0x11D09}, {0x11D0B,0x11D30}, {0x11D46,0x11D46},
    {0x11D60,0x11D65}, {0x11D67,0x11D68}, {0x11D6A,0x11D89}, {0x11D98,0x11D98},
    {0x11DB0,0x11DDB}, {0x11DF1,0x11DF1}, {0x11EE0,0x11EF2}, {0x11F02,0x11F02},
    {0x11F04,0x11F10}, {0x11F12,0x11F33}, {0x11FB0,0x11FB0}, {0x12000,0x12399},
    {0x12400,0x1246F}, {0x12475,0x12543}, {0x12550,0x12686}, {0x12F90,0x12FF0},
    {0x13000,0x1342F}, {0x13441,0x13446}, {0x13460,0x143FA}, {0x14400,0x14646},
    {0x16100,0x1611D}, {0x16800,0x16A38}, {0x16A40,0x16A5E}, {0x16A70,0x16ABE},
    {0x16AD0,0x16AED}, {0x16B00,0x16B2F}, {0x16B40,0x16B43}, {0x16B63,0x16B77},
    {0x16B7D,0x16B8F}, {0x16D40,0x16D6C}, {0x16E40,0x16E7F}, {0x16EA0,0x16EB8},
    {0x16EBB,0x16ED3}, {0x16F00,0x16F4A}, {0x16F50,0x16F50}, {0x16F93,0x16F9F},
    {0x16FE0,0x16FE1}, {0x16FE3,0x16FE3}, {0x16FF2,0x16FF6}, {0x17000,0x18CDA},
    {0x18CFF,0x18D20}, {0x18D80,0x18DF2}, {0x18E00,0x19191}, {0x191A0,0x191D2},
    {0x1AFF0,0x1AFF3}, {0x1AFF5,0x1AFFB}, {0x1AFFD,0x1AFFE}, {0x1B000,0x1B128},
    {0x1B132,0x1B132}, {0x1B150,0x1B152}, {0x1B155,0x1B155}, {0x1B164,0x1B168},
    {0x1B170,0x1B2FB}, {0x1BC00,0x1BC6A}, {0x1BC70,0x1BC7C}, {0x1BC80,0x1BC88},
    {0x1BC90,0x1BC99}, {0x1D400,0x1D454}, {0x1D456,0x1D49C}, {0x1D49E,0x1D49F},
    {0x1D4A2,0x1D4A2}, {0x1D4A5,0x1D4A6}, {0x1D4A9,0x1D4AC}, {0x1D4AE,0x1D4B9},
    {0x1D4BB,0x1D4BB}, {0x1D4BD,0x1D4C3}, {0x1D4C5,0x1D505}, {0x1D507,0x1D50A},
    {0x1D50D,0x1D514}, {0x1D516,0x1D51C}, {0x1D51E,0x1D539}, {0x1D53B,0x1D53E},
    {0x1D540,0x1D544}, {0x1D546,0x1D546}, {0x1D54A,0x1D550}, {0x1D552,0x1D6A6},
    {0x1D6A8,0x1D6C0}, {0x1D6C2,0x1D6DA}, {0x1D6DC,0x1D6FA}, {0x1D6FC,0x1D714},
    {0x1D716,0x1D734}, {0x1D736,0x1D74E}, {0x1D750,0x1D76E}, {0x1D770,0x1D788},
    {0x1D78A,0x1D7A8}, {0x1D7AA,0x1D7C2}, {0x1D7C4,0x1D7CB}, {0x1DF00,0x1DF81},
    {0x1DF90,0x1DF96}, {0x1DFCD,0x1DFFF}, {0x1E030,0x1E06D}, {0x1E100,0x1E12C},
    {0x1E137,0x1E13D}, {0x1E14E,0x1E14E}, {0x1E290,0x1E2AD}, {0x1E2C0,0x1E2EB},
    {0x1E4D0,0x1E4EB}, {0x1E5D0,0x1E5ED}, {0x1E5F0,0x1E5F0}, {0x1E6C0,0x1E6DE},
    {0x1E6E0,0x1E6E2}, {0x1E6E4,0x1E6E5}, {0x1E6E7,0x1E6ED}, {0x1E6F0,0x1E6F4},
    {0x1E6FE,0x1E6FF}, {0x1E7E0,0x1E7E6}, {0x1E7E8,0x1E7EB}, {0x1E7ED,0x1E7EE},
    {0x1E7F0,0x1E7FE}, {0x1E800,0x1E8C4}, {0x1E900,0x1E943}, {0x1E94B,0x1E94B},
    {0x1EE00,0x1EE03}, {0x1EE05,0x1EE1F}, {0x1EE21,0x1EE22}, {0x1EE24,0x1EE24},
    {0x1EE27,0x1EE27}, {0x1EE29,0x1EE32}, {0x1EE34,0x1EE37}, {0x1EE39,0x1EE39},
    {0x1EE3B,0x1EE3B}, {0x1EE42,0x1EE42}, {0x1EE47,0x1EE47}, {0x1EE49,0x1EE49},
    {0x1EE4B,0x1EE4B}, {0x1EE4D,0x1EE4F}, {0x1EE51,0x1EE52}, {0x1EE54,0x1EE54},
    {0x1EE57,0x1EE57}, {0x1EE59,0x1EE59}, {0x1EE5B,0x1EE5B}, {0x1EE5D,0x1EE5D},
    {0x1EE5F,0x1EE5F}, {0x1EE61,0x1EE62}, {0x1EE64,0x1EE64}, {0x1EE67,0x1EE6A},
    {0x1EE6C,0x1EE72}, {0x1EE74,0x1EE77}, {0x1EE79,0x1EE7C}, {0x1EE7E,0x1EE7E},
    {0x1EE80,0x1EE89}, {0x1EE8B,0x1EE9B}, {0x1EEA1,0x1EEA3}, {0x1EEA5,0x1EEA9},
    {0x1EEAB,0x1EEBB}, {0x20000,0x2A6DF}, {0x2A700,0x2B81E}, {0x2B820,0x2CEAD},
    {0x2CEB0,0x2EBE0}, {0x2EBF0,0x2EE5D}, {0x2F800,0x2FA1D}, {0x30000,0x3134A},
    {0x31350,0x33479}, {0x3D000,0x3FC3F},
};

// d_internal_xid_continue
//   constant: UAX #31 XID_Continue, a superset of XID_Start; 821 ranges.
static const struct d_lex_unicode_range d_internal_xid_continue[] =
{
    {0x00030,0x00039}, {0x00041,0x0005A}, {0x0005F,0x0005F}, {0x00061,0x0007A},
    {0x000AA,0x000AA}, {0x000B5,0x000B5}, {0x000B7,0x000B7}, {0x000BA,0x000BA},
    {0x000C0,0x000D6}, {0x000D8,0x000F6}, {0x000F8,0x002C1}, {0x002C6,0x002D1},
    {0x002E0,0x002E4}, {0x002EC,0x002EC}, {0x002EE,0x002EE}, {0x00300,0x00374},
    {0x00376,0x00377}, {0x0037B,0x0037D}, {0x0037F,0x0037F}, {0x00386,0x0038A},
    {0x0038C,0x0038C}, {0x0038E,0x003A1}, {0x003A3,0x003F5}, {0x003F7,0x00481},
    {0x00483,0x00487}, {0x0048A,0x0052F}, {0x00531,0x00556}, {0x00558,0x00559},
    {0x00560,0x00588}, {0x0058B,0x0058C}, {0x00591,0x005BD}, {0x005BF,0x005BF},
    {0x005C1,0x005C2}, {0x005C4,0x005C5}, {0x005C7,0x005C9}, {0x005D0,0x005EA},
    {0x005EF,0x005F2}, {0x00610,0x0061A}, {0x00620,0x00669}, {0x0066E,0x006D3},
    {0x006D5,0x006DC}, {0x006DF,0x006E8}, {0x006EA,0x006FC}, {0x006FF,0x006FF},
    {0x00710,0x0074A}, {0x0074D,0x007B1}, {0x007C0,0x007F5}, {0x007FA,0x007FA},
    {0x007FD,0x007FD}, {0x00800,0x0082D}, {0x00840,0x0085B}, {0x00860,0x0086A},
    {0x00870,0x00887}, {0x00889,0x0088F}, {0x00897,0x008E1}, {0x008E3,0x00963},
    {0x00966,0x0096F}, {0x00971,0x00983}, {0x00985,0x0098C}, {0x0098F,0x00990},
    {0x00993,0x009A8}, {0x009AA,0x009B0}, {0x009B2,0x009B2}, {0x009B6,0x009B9},
    {0x009BC,0x009C4}, {0x009C7,0x009C8}, {0x009CB,0x009CE}, {0x009D7,0x009D7},
    {0x009DC,0x009DD}, {0x009DF,0x009E3}, {0x009E6,0x009F1}, {0x009FC,0x009FC},
    {0x009FE,0x009FE}, {0x00A01,0x00A03}, {0x00A05,0x00A0A}, {0x00A0F,0x00A10},
    {0x00A13,0x00A28}, {0x00A2A,0x00A30}, {0x00A32,0x00A33}, {0x00A35,0x00A36},
    {0x00A38,0x00A39}, {0x00A3C,0x00A3C}, {0x00A3E,0x00A42}, {0x00A47,0x00A48},
    {0x00A4B,0x00A4D}, {0x00A51,0x00A51}, {0x00A59,0x00A5C}, {0x00A5E,0x00A5E},
    {0x00A66,0x00A75}, {0x00A81,0x00A83}, {0x00A85,0x00A8D}, {0x00A8F,0x00A91},
    {0x00A93,0x00AA8}, {0x00AAA,0x00AB0}, {0x00AB2,0x00AB3}, {0x00AB5,0x00AB9},
    {0x00ABC,0x00AC5}, {0x00AC7,0x00AC9}, {0x00ACB,0x00ACD}, {0x00AD0,0x00AD0},
    {0x00AE0,0x00AE3}, {0x00AE6,0x00AEF}, {0x00AF9,0x00AFF}, {0x00B01,0x00B03},
    {0x00B05,0x00B0C}, {0x00B0F,0x00B10}, {0x00B13,0x00B28}, {0x00B2A,0x00B30},
    {0x00B32,0x00B33}, {0x00B35,0x00B39}, {0x00B3C,0x00B44}, {0x00B47,0x00B48},
    {0x00B4B,0x00B4D}, {0x00B53,0x00B57}, {0x00B5C,0x00B5D}, {0x00B5F,0x00B63},
    {0x00B66,0x00B6F}, {0x00B71,0x00B71}, {0x00B82,0x00B83}, {0x00B85,0x00B8A},
    {0x00B8E,0x00B90}, {0x00B92,0x00B95}, {0x00B99,0x00B9A}, {0x00B9C,0x00B9C},
    {0x00B9E,0x00B9F}, {0x00BA3,0x00BA4}, {0x00BA8,0x00BAA}, {0x00BAE,0x00BB9},
    {0x00BBE,0x00BC2}, {0x00BC6,0x00BC8}, {0x00BCA,0x00BCD}, {0x00BD0,0x00BD0},
    {0x00BD7,0x00BD7}, {0x00BE6,0x00BEF}, {0x00C00,0x00C0C}, {0x00C0E,0x00C10},
    {0x00C12,0x00C28}, {0x00C2A,0x00C39}, {0x00C3C,0x00C44}, {0x00C46,0x00C48},
    {0x00C4A,0x00C4D}, {0x00C55,0x00C56}, {0x00C58,0x00C5A}, {0x00C5C,0x00C5D},
    {0x00C60,0x00C63}, {0x00C66,0x00C6F}, {0x00C80,0x00C83}, {0x00C85,0x00C8C},
    {0x00C8E,0x00C90}, {0x00C92,0x00CA8}, {0x00CAA,0x00CB3}, {0x00CB5,0x00CB9},
    {0x00CBC,0x00CC4}, {0x00CC6,0x00CC8}, {0x00CCA,0x00CCD}, {0x00CD5,0x00CD6},
    {0x00CDC,0x00CDE}, {0x00CE0,0x00CE3}, {0x00CE6,0x00CEF}, {0x00CF1,0x00CF3},
    {0x00D00,0x00D0C}, {0x00D0E,0x00D10}, {0x00D12,0x00D44}, {0x00D46,0x00D48},
    {0x00D4A,0x00D4E}, {0x00D54,0x00D57}, {0x00D5F,0x00D63}, {0x00D66,0x00D6F},
    {0x00D7A,0x00D7F}, {0x00D81,0x00D83}, {0x00D85,0x00D96}, {0x00D9A,0x00DB1},
    {0x00DB3,0x00DBB}, {0x00DBD,0x00DBD}, {0x00DC0,0x00DC6}, {0x00DCA,0x00DCA},
    {0x00DCF,0x00DD4}, {0x00DD6,0x00DD6}, {0x00DD8,0x00DDF}, {0x00DE6,0x00DEF},
    {0x00DF2,0x00DF3}, {0x00E01,0x00E3A}, {0x00E40,0x00E4E}, {0x00E50,0x00E59},
    {0x00E81,0x00E82}, {0x00E84,0x00E84}, {0x00E86,0x00E8A}, {0x00E8C,0x00EA3},
    {0x00EA5,0x00EA5}, {0x00EA7,0x00EBD}, {0x00EC0,0x00EC4}, {0x00EC6,0x00EC6},
    {0x00EC8,0x00ECE}, {0x00ED0,0x00ED9}, {0x00EDC,0x00EDF}, {0x00F00,0x00F00},
    {0x00F18,0x00F19}, {0x00F20,0x00F29}, {0x00F35,0x00F35}, {0x00F37,0x00F37},
    {0x00F39,0x00F39}, {0x00F3E,0x00F47}, {0x00F49,0x00F6C}, {0x00F71,0x00F84},
    {0x00F86,0x00F97}, {0x00F99,0x00FBC}, {0x00FC6,0x00FC6}, {0x01000,0x01049},
    {0x01050,0x0109D}, {0x010A0,0x010C5}, {0x010C7,0x010C7}, {0x010CD,0x010CD},
    {0x010D0,0x010FA}, {0x010FC,0x01248}, {0x0124A,0x0124D}, {0x01250,0x01256},
    {0x01258,0x01258}, {0x0125A,0x0125D}, {0x01260,0x01288}, {0x0128A,0x0128D},
    {0x01290,0x012B0}, {0x012B2,0x012B5}, {0x012B8,0x012BE}, {0x012C0,0x012C0},
    {0x012C2,0x012C5}, {0x012C8,0x012D6}, {0x012D8,0x01310}, {0x01312,0x01315},
    {0x01318,0x0135A}, {0x0135D,0x0135F}, {0x01369,0x01371}, {0x01380,0x0138F},
    {0x013A0,0x013F5}, {0x013F8,0x013FD}, {0x01401,0x0166C}, {0x0166F,0x0167F},
    {0x01681,0x0169A}, {0x016A0,0x016EA}, {0x016EE,0x016F8}, {0x01700,0x01715},
    {0x0171F,0x01734}, {0x01740,0x01753}, {0x01760,0x0176C}, {0x0176E,0x01770},
    {0x01772,0x01773}, {0x01780,0x017D3}, {0x017D7,0x017D7}, {0x017DC,0x017DD},
    {0x017E0,0x017E9}, {0x0180B,0x0180D}, {0x0180F,0x01819}, {0x01820,0x01878},
    {0x01880,0x018AA}, {0x018B0,0x018F5}, {0x01900,0x0191E}, {0x01920,0x0192B},
    {0x01930,0x0193B}, {0x01946,0x0196D}, {0x01970,0x01974}, {0x01980,0x019AB},
    {0x019B0,0x019C9}, {0x019D0,0x019DA}, {0x01A00,0x01A1B}, {0x01A20,0x01A5E},
    {0x01A60,0x01A7C}, {0x01A7F,0x01A89}, {0x01A90,0x01A99}, {0x01AA7,0x01AA7},
    {0x01AB0,0x01ABD}, {0x01ABF,0x01AF0}, {0x01B00,0x01B4C}, {0x01B50,0x01B59},
    {0x01B6B,0x01B73}, {0x01B80,0x01BF3}, {0x01C00,0x01C37}, {0x01C40,0x01C49},
    {0x01C4D,0x01C7D}, {0x01C80,0x01C8A}, {0x01C90,0x01CBA}, {0x01CBD,0x01CBF},
    {0x01CD0,0x01CD2}, {0x01CD4,0x01CFA}, {0x01D00,0x01F15}, {0x01F18,0x01F1D},
    {0x01F20,0x01F45}, {0x01F48,0x01F4D}, {0x01F50,0x01F57}, {0x01F59,0x01F59},
    {0x01F5B,0x01F5B}, {0x01F5D,0x01F5D}, {0x01F5F,0x01F7D}, {0x01F80,0x01FB4},
    {0x01FB6,0x01FBC}, {0x01FBE,0x01FBE}, {0x01FC2,0x01FC4}, {0x01FC6,0x01FCC},
    {0x01FD0,0x01FD3}, {0x01FD6,0x01FDB}, {0x01FE0,0x01FEC}, {0x01FF2,0x01FF4},
    {0x01FF6,0x01FFC}, {0x0200C,0x0200D}, {0x0203F,0x02040}, {0x02054,0x02054},
    {0x02071,0x02071}, {0x0207F,0x0207F}, {0x0208F,0x0209F}, {0x020D0,0x020DC},
    {0x020E1,0x020E1}, {0x020E5,0x020F0}, {0x02102,0x02102}, {0x02107,0x02107},
    {0x0210A,0x02113}, {0x02115,0x02115}, {0x02118,0x0211D}, {0x02124,0x02124},
    {0x02126,0x02126}, {0x02128,0x02128}, {0x0212A,0x02139}, {0x0213C,0x0213F},
    {0x02145,0x02149}, {0x0214E,0x0214E}, {0x02160,0x02188}, {0x02C00,0x02CE4},
    {0x02CEB,0x02CF3}, {0x02D00,0x02D25}, {0x02D27,0x02D27}, {0x02D2D,0x02D2D},
    {0x02D30,0x02D67}, {0x02D6F,0x02D6F}, {0x02D7F,0x02D96}, {0x02DA0,0x02DA6},
    {0x02DA8,0x02DAE}, {0x02DB0,0x02DB6}, {0x02DB8,0x02DBE}, {0x02DC0,0x02DC6},
    {0x02DC8,0x02DCE}, {0x02DD0,0x02DD6}, {0x02DD8,0x02DDE}, {0x02DE0,0x02DFF},
    {0x03005,0x03007}, {0x03021,0x0302F}, {0x03031,0x03035}, {0x03038,0x0303C},
    {0x03041,0x03096}, {0x03099,0x0309A}, {0x0309D,0x0309F}, {0x030A1,0x030FF},
    {0x03105,0x0312F}, {0x03131,0x0318E}, {0x031A0,0x031BF}, {0x031F0,0x031FF},
    {0x03400,0x04DBF}, {0x04E00,0x0A48C}, {0x0A4D0,0x0A4FD}, {0x0A500,0x0A60C},
    {0x0A610,0x0A62B}, {0x0A640,0x0A66F}, {0x0A674,0x0A67D}, {0x0A67F,0x0A6F1},
    {0x0A717,0x0A71F}, {0x0A722,0x0A788}, {0x0A78B,0x0A7DD}, {0x0A7E2,0x0A7E2},
    {0x0A7F1,0x0A827}, {0x0A82C,0x0A82C}, {0x0A840,0x0A873}, {0x0A880,0x0A8C5},
    {0x0A8D0,0x0A8D9}, {0x0A8E0,0x0A8F7}, {0x0A8FB,0x0A8FB}, {0x0A8FD,0x0A92D},
    {0x0A930,0x0A953}, {0x0A960,0x0A97C}, {0x0A980,0x0A9C0}, {0x0A9CF,0x0A9D9},
    {0x0A9E0,0x0A9FE}, {0x0AA00,0x0AA36}, {0x0AA40,0x0AA4D}, {0x0AA50,0x0AA59},
    {0x0AA60,0x0AA76}, {0x0AA7A,0x0AAC2}, {0x0AADB,0x0AADD}, {0x0AAE0,0x0AAEF},
    {0x0AAF2,0x0AAF6}, {0x0AB01,0x0AB06}, {0x0AB09,0x0AB0E}, {0x0AB11,0x0AB16},
    {0x0AB20,0x0AB26}, {0x0AB28,0x0AB2E}, {0x0AB30,0x0AB5A}, {0x0AB5C,0x0AB69},
    {0x0AB6C,0x0AB6D}, {0x0AB70,0x0ABEA}, {0x0ABEC,0x0ABED}, {0x0ABF0,0x0ABF9},
    {0x0AC00,0x0D7A3}, {0x0D7B0,0x0D7C6}, {0x0D7CB,0x0D7FB}, {0x0F900,0x0FA6D},
    {0x0FA70,0x0FAD9}, {0x0FB00,0x0FB06}, {0x0FB13,0x0FB17}, {0x0FB1D,0x0FB28},
    {0x0FB2A,0x0FB36}, {0x0FB38,0x0FB3C}, {0x0FB3E,0x0FB3E}, {0x0FB40,0x0FB41},
    {0x0FB43,0x0FB44}, {0x0FB46,0x0FBB1}, {0x0FBD3,0x0FC5D}, {0x0FC64,0x0FD3D},
    {0x0FD50,0x0FD8F}, {0x0FD92,0x0FDC7}, {0x0FDF0,0x0FDF9}, {0x0FE00,0x0FE0F},
    {0x0FE20,0x0FE2F}, {0x0FE33,0x0FE34}, {0x0FE4D,0x0FE4F}, {0x0FE71,0x0FE71},
    {0x0FE73,0x0FE73}, {0x0FE77,0x0FE77}, {0x0FE79,0x0FE79}, {0x0FE7B,0x0FE7B},
    {0x0FE7D,0x0FE7D}, {0x0FE7F,0x0FEFC}, {0x0FF10,0x0FF19}, {0x0FF21,0x0FF3A},
    {0x0FF3F,0x0FF3F}, {0x0FF41,0x0FF5A}, {0x0FF65,0x0FFBE}, {0x0FFC2,0x0FFC7},
    {0x0FFCA,0x0FFCF}, {0x0FFD2,0x0FFD7}, {0x0FFDA,0x0FFDC}, {0x10000,0x1000B},
    {0x1000D,0x10026}, {0x10028,0x1003A}, {0x1003C,0x1003D}, {0x1003F,0x1004D},
    {0x10050,0x1005D}, {0x10080,0x100FA}, {0x10140,0x10174}, {0x101FD,0x101FD},
    {0x10280,0x1029C}, {0x102A0,0x102D0}, {0x102E0,0x102E0}, {0x10300,0x1031F},
    {0x1032D,0x1034A}, {0x10350,0x1037A}, {0x10380,0x1039D}, {0x103A0,0x103C3},
    {0x103C8,0x103CF}, {0x103D1,0x103D5}, {0x10400,0x1049D}, {0x104A0,0x104A9},
    {0x104B0,0x104D3}, {0x104D8,0x104FB}, {0x10500,0x10527}, {0x10530,0x10563},
    {0x10570,0x1057A}, {0x1057C,0x1058A}, {0x1058C,0x10592}, {0x10594,0x10595},
    {0x10597,0x105A1}, {0x105A3,0x105B1}, {0x105B3,0x105B9}, {0x105BB,0x105BC},
    {0x105C0,0x105F3}, {0x10600,0x10736}, {0x10740,0x10755}, {0x10760,0x10767},
    {0x10780,0x10785}, {0x10787,0x107B0}, {0x107B2,0x107BF}, {0x10800,0x10805},
    {0x10808,0x10808}, {0x1080A,0x10835}, {0x10837,0x10838}, {0x1083C,0x1083C},
    {0x1083F,0x10855}, {0x10860,0x10876}, {0x10880,0x1089E}, {0x108E0,0x108F2},
    {0x108F4,0x108F5}, {0x10900,0x10915}, {0x10920,0x10939}, {0x10940,0x10959},
    {0x10980,0x109B7}, {0x109BE,0x109BF}, {0x10A00,0x10A03}, {0x10A05,0x10A06},
    {0x10A0C,0x10A13}, {0x10A15,0x10A17}, {0x10A19,0x10A35}, {0x10A38,0x10A3A},
    {0x10A3F,0x10A3F}, {0x10A60,0x10A7C}, {0x10A80,0x10A9C}, {0x10AC0,0x10AC7},
    {0x10AC9,0x10AE6}, {0x10B00,0x10B35}, {0x10B40,0x10B55}, {0x10B60,0x10B72},
    {0x10B80,0x10B91}, {0x10C00,0x10C48}, {0x10C80,0x10CB2}, {0x10CC0,0x10CF2},
    {0x10D00,0x10D27}, {0x10D30,0x10D39}, {0x10D40,0x10D65}, {0x10D69,0x10D6D},
    {0x10D6F,0x10D85}, {0x10E80,0x10EA9}, {0x10EAB,0x10EAC}, {0x10EB0,0x10EB1},
    {0x10EC2,0x10EC7}, {0x10ECB,0x10ECF}, {0x10ED9,0x10EEE}, {0x10EF0,0x10F1C},
    {0x10F27,0x10F27}, {0x10F30,0x10F50}, {0x10F70,0x10F85}, {0x10FB0,0x10FC4},
    {0x10FE0,0x10FF6}, {0x11000,0x11046}, {0x11066,0x11075}, {0x1107F,0x110BA},
    {0x110C2,0x110C2}, {0x110D0,0x110E8}, {0x110F0,0x110F9}, {0x11100,0x11134},
    {0x11136,0x1113F}, {0x11144,0x11147}, {0x11150,0x11173}, {0x11176,0x11176},
    {0x11180,0x111C4}, {0x111C9,0x111CC}, {0x111CE,0x111DA}, {0x111DC,0x111DC},
    {0x11200,0x11211}, {0x11213,0x11237}, {0x1123E,0x11241}, {0x11280,0x11286},
    {0x11288,0x11288}, {0x1128A,0x1128D}, {0x1128F,0x1129D}, {0x1129F,0x112A8},
    {0x112B0,0x112EA}, {0x112F0,0x112F9}, {0x11300,0x11303}, {0x11305,0x1130C},
    {0x1130F,0x11310}, {0x11313,0x11328}, {0x1132A,0x11330}, {0x11332,0x11333},
    {0x11335,0x11339}, {0x1133B,0x11344}, {0x11347,0x11348}, {0x1134B,0x1134D},
    {0x11350,0x11350}, {0x11357,0x11357}, {0x1135D,0x11363}, {0x11366,0x1136C},
    {0x11370,0x11374}, {0x11380,0x11389}, {0x1138B,0x1138B}, {0x1138E,0x1138E},
    {0x11390,0x113B5}, {0x113B7,0x113C0}, {0x113C2,0x113C2}, {0x113C5,0x113C5},
    {0x113C7,0x113CA}, {0x113CC,0x113D3}, {0x113E1,0x113E2}, {0x11400,0x1144A},
    {0x11450,0x11459}, {0x1145E,0x11461}, {0x11480,0x114C5}, {0x114C7,0x114C7},
    {0x114D0,0x114D9}, {0x11580,0x115B5}, {0x115B8,0x115C0}, {0x115D8,0x115DD},
    {0x11600,0x11640}, {0x11644,0x11644}, {0x11650,0x11659}, {0x11680,0x116B8},
    {0x116C0,0x116C9}, {0x116D0,0x116E3}, {0x11700,0x1171A}, {0x1171D,0x1172B},
    {0x11730,0x11739}, {0x11740,0x11746}, {0x11800,0x1183A}, {0x118A0,0x118E9},
    {0x118FF,0x11906}, {0x11909,0x11909}, {0x1190C,0x11913}, {0x11915,0x11916},
    {0x11918,0x11935}, {0x11937,0x11938}, {0x1193B,0x11943}, {0x11950,0x11959},
    {0x119A0,0x119A7}, {0x119AA,0x119D7}, {0x119DA,0x119E1}, {0x119E3,0x119E4},
    {0x11A00,0x11A3E}, {0x11A47,0x11A47}, {0x11A50,0x11A99}, {0x11A9D,0x11A9D},
    {0x11AB0,0x11AF8}, {0x11B0A,0x11B0A}, {0x11B60,0x11B67}, {0x11BC0,0x11BE0},
    {0x11BF0,0x11BF9}, {0x11C00,0x11C08}, {0x11C0A,0x11C36}, {0x11C38,0x11C40},
    {0x11C50,0x11C59}, {0x11C72,0x11C8F}, {0x11C92,0x11CA7}, {0x11CA9,0x11CB6},
    {0x11D00,0x11D06}, {0x11D08,0x11D09}, {0x11D0B,0x11D36}, {0x11D3A,0x11D3A},
    {0x11D3C,0x11D3D}, {0x11D3F,0x11D47}, {0x11D50,0x11D59}, {0x11D60,0x11D65},
    {0x11D67,0x11D68}, {0x11D6A,0x11D8E}, {0x11D90,0x11D91}, {0x11D93,0x11D98},
    {0x11DA0,0x11DA9}, {0x11DB0,0x11DDB}, {0x11DE0,0x11DE9}, {0x11DF0,0x11DF1},
    {0x11EE0,0x11EF6}, {0x11F00,0x11F10}, {0x11F12,0x11F3A}, {0x11F3E,0x11F42},
    {0x11F50,0x11F5A}, {0x11FB0,0x11FB0}, {0x12000,0x12399}, {0x12400,0x1246F},
    {0x12475,0x12543}, {0x12550,0x12686}, {0x12F90,0x12FF0}, {0x13000,0x1342F},
    {0x13440,0x13455}, {0x13460,0x143FA}, {0x14400,0x14646}, {0x16100,0x16139},
    {0x16800,0x16A38}, {0x16A40,0x16A5E}, {0x16A60,0x16A69}, {0x16A70,0x16ABE},
    {0x16AC0,0x16AC9}, {0x16AD0,0x16AED}, {0x16AF0,0x16AF4}, {0x16B00,0x16B36},
    {0x16B40,0x16B43}, {0x16B50,0x16B59}, {0x16B63,0x16B77}, {0x16B7D,0x16B8F},
    {0x16D40,0x16D6C}, {0x16D70,0x16D79}, {0x16E40,0x16E7F}, {0x16EA0,0x16EB8},
    {0x16EBB,0x16ED3}, {0x16F00,0x16F4A}, {0x16F4F,0x16F87}, {0x16F8F,0x16F9F},
    {0x16FE0,0x16FE1}, {0x16FE3,0x16FE4}, {0x16FF0,0x16FF6}, {0x17000,0x18CDA},
    {0x18CFF,0x18D20}, {0x18D80,0x18DF2}, {0x18E00,0x19191}, {0x191A0,0x191D2},
    {0x1AFF0,0x1AFF3}, {0x1AFF5,0x1AFFB}, {0x1AFFD,0x1AFFE}, {0x1B000,0x1B128},
    {0x1B132,0x1B132}, {0x1B150,0x1B152}, {0x1B155,0x1B155}, {0x1B164,0x1B168},
    {0x1B170,0x1B2FB}, {0x1BC00,0x1BC6A}, {0x1BC70,0x1BC7C}, {0x1BC80,0x1BC88},
    {0x1BC90,0x1BC99}, {0x1BC9D,0x1BC9E}, {0x1CCF0,0x1CCF9}, {0x1CF00,0x1CF2D},
    {0x1CF30,0x1CF46}, {0x1D127,0x1D128}, {0x1D165,0x1D169}, {0x1D16D,0x1D172},
    {0x1D17B,0x1D182}, {0x1D185,0x1D18B}, {0x1D1AA,0x1D1AD}, {0x1D242,0x1D244},
    {0x1D250,0x1D252}, {0x1D25B,0x1D25C}, {0x1D25F,0x1D25F}, {0x1D280,0x1D281},
    {0x1D400,0x1D454}, {0x1D456,0x1D49C}, {0x1D49E,0x1D49F}, {0x1D4A2,0x1D4A2},
    {0x1D4A5,0x1D4A6}, {0x1D4A9,0x1D4AC}, {0x1D4AE,0x1D4B9}, {0x1D4BB,0x1D4BB},
    {0x1D4BD,0x1D4C3}, {0x1D4C5,0x1D505}, {0x1D507,0x1D50A}, {0x1D50D,0x1D514},
    {0x1D516,0x1D51C}, {0x1D51E,0x1D539}, {0x1D53B,0x1D53E}, {0x1D540,0x1D544},
    {0x1D546,0x1D546}, {0x1D54A,0x1D550}, {0x1D552,0x1D6A6}, {0x1D6A8,0x1D6C0},
    {0x1D6C2,0x1D6DA}, {0x1D6DC,0x1D6FA}, {0x1D6FC,0x1D714}, {0x1D716,0x1D734},
    {0x1D736,0x1D74E}, {0x1D750,0x1D76E}, {0x1D770,0x1D788}, {0x1D78A,0x1D7A8},
    {0x1D7AA,0x1D7C2}, {0x1D7C4,0x1D7CB}, {0x1D7CE,0x1D7FF}, {0x1DA00,0x1DA36},
    {0x1DA3B,0x1DA6C}, {0x1DA75,0x1DA75}, {0x1DA84,0x1DA84}, {0x1DA9B,0x1DA9F},
    {0x1DAA1,0x1DAAF}, {0x1DF00,0x1DF81}, {0x1DF90,0x1DF96}, {0x1DFCD,0x1E006},
    {0x1E008,0x1E018}, {0x1E01B,0x1E021}, {0x1E023,0x1E024}, {0x1E026,0x1E02A},
    {0x1E030,0x1E06D}, {0x1E08F,0x1E08F}, {0x1E100,0x1E12C}, {0x1E130,0x1E13D},
    {0x1E140,0x1E149}, {0x1E14E,0x1E14E}, {0x1E290,0x1E2AE}, {0x1E2C0,0x1E2F9},
    {0x1E4D0,0x1E4F9}, {0x1E5D0,0x1E5FA}, {0x1E6C0,0x1E6DE}, {0x1E6E0,0x1E6F5},
    {0x1E6FE,0x1E6FF}, {0x1E7E0,0x1E7E6}, {0x1E7E8,0x1E7EB}, {0x1E7ED,0x1E7EE},
    {0x1E7F0,0x1E7FE}, {0x1E800,0x1E8C4}, {0x1E8D0,0x1E8D6}, {0x1E900,0x1E94B},
    {0x1E950,0x1E959}, {0x1EE00,0x1EE03}, {0x1EE05,0x1EE1F}, {0x1EE21,0x1EE22},
    {0x1EE24,0x1EE24}, {0x1EE27,0x1EE27}, {0x1EE29,0x1EE32}, {0x1EE34,0x1EE37},
    {0x1EE39,0x1EE39}, {0x1EE3B,0x1EE3B}, {0x1EE42,0x1EE42}, {0x1EE47,0x1EE47},
    {0x1EE49,0x1EE49}, {0x1EE4B,0x1EE4B}, {0x1EE4D,0x1EE4F}, {0x1EE51,0x1EE52},
    {0x1EE54,0x1EE54}, {0x1EE57,0x1EE57}, {0x1EE59,0x1EE59}, {0x1EE5B,0x1EE5B},
    {0x1EE5D,0x1EE5D}, {0x1EE5F,0x1EE5F}, {0x1EE61,0x1EE62}, {0x1EE64,0x1EE64},
    {0x1EE67,0x1EE6A}, {0x1EE6C,0x1EE72}, {0x1EE74,0x1EE77}, {0x1EE79,0x1EE7C},
    {0x1EE7E,0x1EE7E}, {0x1EE80,0x1EE89}, {0x1EE8B,0x1EE9B}, {0x1EEA1,0x1EEA3},
    {0x1EEA5,0x1EEA9}, {0x1EEAB,0x1EEBB}, {0x1FBF0,0x1FBF9}, {0x20000,0x2A6DF},
    {0x2A700,0x2B81E}, {0x2B820,0x2CEAD}, {0x2CEB0,0x2EBE0}, {0x2EBF0,0x2EE5D},
    {0x2F800,0x2FA1D}, {0x30000,0x3134A}, {0x31350,0x33479}, {0x3D000,0x3FC3F},
    {0xE0100,0xE01EF},
};

// d_internal_nfc_no
//   constant: NFC_QC=No: never appears in NFC text; 73 ranges.
static const struct d_lex_unicode_range d_internal_nfc_no[] =
{
    {0x00340,0x00341}, {0x00343,0x00344}, {0x00374,0x00374}, {0x0037E,0x0037E},
    {0x00387,0x00387}, {0x00958,0x0095F}, {0x009DC,0x009DD}, {0x009DF,0x009DF},
    {0x00A33,0x00A33}, {0x00A36,0x00A36}, {0x00A59,0x00A5B}, {0x00A5E,0x00A5E},
    {0x00B5C,0x00B5D}, {0x00F43,0x00F43}, {0x00F4D,0x00F4D}, {0x00F52,0x00F52},
    {0x00F57,0x00F57}, {0x00F5C,0x00F5C}, {0x00F69,0x00F69}, {0x00F73,0x00F73},
    {0x00F75,0x00F76}, {0x00F78,0x00F78}, {0x00F81,0x00F81}, {0x00F93,0x00F93},
    {0x00F9D,0x00F9D}, {0x00FA2,0x00FA2}, {0x00FA7,0x00FA7}, {0x00FAC,0x00FAC},
    {0x00FB9,0x00FB9}, {0x01F71,0x01F71}, {0x01F73,0x01F73}, {0x01F75,0x01F75},
    {0x01F77,0x01F77}, {0x01F79,0x01F79}, {0x01F7B,0x01F7B}, {0x01F7D,0x01F7D},
    {0x01FBB,0x01FBB}, {0x01FBE,0x01FBE}, {0x01FC9,0x01FC9}, {0x01FCB,0x01FCB},
    {0x01FD3,0x01FD3}, {0x01FDB,0x01FDB}, {0x01FE3,0x01FE3}, {0x01FEB,0x01FEB},
    {0x01FEE,0x01FEF}, {0x01FF9,0x01FF9}, {0x01FFB,0x01FFB}, {0x01FFD,0x01FFD},
    {0x02000,0x02001}, {0x02126,0x02126}, {0x0212A,0x0212B}, {0x02329,0x0232A},
    {0x02ADC,0x02ADC}, {0x0F900,0x0FA0D}, {0x0FA10,0x0FA10}, {0x0FA12,0x0FA12},
    {0x0FA15,0x0FA1E}, {0x0FA20,0x0FA20}, {0x0FA22,0x0FA22}, {0x0FA25,0x0FA26},
    {0x0FA2A,0x0FA6D}, {0x0FA70,0x0FAD9}, {0x0FB1D,0x0FB1D}, {0x0FB1F,0x0FB1F},
    {0x0FB2A,0x0FB36}, {0x0FB38,0x0FB3C}, {0x0FB3E,0x0FB3E}, {0x0FB40,0x0FB41},
    {0x0FB43,0x0FB44}, {0x0FB46,0x0FB4E}, {0x1D15E,0x1D164}, {0x1D1BB,0x1D1C0},
    {0x2F800,0x2FA1D},
};

// d_internal_nfc_maybe
//   constant: NFC_QC=Maybe: may compose with what precedes it; 49 ranges.
static const struct d_lex_unicode_range d_internal_nfc_maybe[] =
{
    {0x00300,0x00304}, {0x00306,0x0030C}, {0x0030F,0x0030F}, {0x00311,0x00311},
    {0x00313,0x00314}, {0x0031B,0x0031B}, {0x00323,0x00328}, {0x0032D,0x0032E},
    {0x00330,0x00331}, {0x00338,0x00338}, {0x00342,0x00342}, {0x00345,0x00345},
    {0x00653,0x00655}, {0x0093C,0x0093C}, {0x009BE,0x009BE}, {0x009D7,0x009D7},
    {0x00B3E,0x00B3E}, {0x00B56,0x00B57}, {0x00BBE,0x00BBE}, {0x00BD7,0x00BD7},
    {0x00C56,0x00C56}, {0x00CC2,0x00CC2}, {0x00CD5,0x00CD6}, {0x00D3E,0x00D3E},
    {0x00D57,0x00D57}, {0x00DCA,0x00DCA}, {0x00DCF,0x00DCF}, {0x00DDF,0x00DDF},
    {0x0102E,0x0102E}, {0x01161,0x01175}, {0x011A8,0x011C2}, {0x01B35,0x01B35},
    {0x03099,0x0309A}, {0x110BA,0x110BA}, {0x11127,0x11127}, {0x1133E,0x1133E},
    {0x11357,0x11357}, {0x113B8,0x113B8}, {0x113BB,0x113BB}, {0x113C2,0x113C2},
    {0x113C5,0x113C5}, {0x113C7,0x113C9}, {0x114B0,0x114B0}, {0x114BA,0x114BA},
    {0x114BD,0x114BD}, {0x115AF,0x115AF}, {0x11930,0x11930}, {0x1611E,0x16129},
    {0x16D67,0x16D68},
};

// d_internal_c99_start
//   constant: C99 Annex D, allowed anywhere in an identifier; 234 ranges.
static const struct d_lex_unicode_range d_internal_c99_start[] =
{
    {0x000AA,0x000AA}, {0x000B5,0x000B5}, {0x000B7,0x000B7}, {0x000BA,0x000BA},
    {0x000C0,0x000D6}, {0x000D8,0x000F6}, {0x000F8,0x001F5}, {0x001FA,0x00217},
    {0x00250,0x002A8}, {0x002B0,0x002B8}, {0x002BB,0x002BB}, {0x002BD,0x002C1},
    {0x002D0,0x002D1}, {0x002E0,0x002E4}, {0x0037A,0x0037A}, {0x00386,0x00386},
    {0x00388,0x0038A}, {0x0038C,0x0038C}, {0x0038E,0x003A1}, {0x003A3,0x003CE},
    {0x003D0,0x003D6}, {0x003DA,0x003DA}, {0x003DC,0x003DC}, {0x003DE,0x003DE},
    {0x003E0,0x003E0}, {0x003E2,0x003F3}, {0x00401,0x0040C}, {0x0040E,0x0044F},
    {0x00451,0x0045C}, {0x0045E,0x00481}, {0x00490,0x004C4}, {0x004C7,0x004C8},
    {0x004CB,0x004CC}, {0x004D0,0x004EB}, {0x004EE,0x004F5}, {0x004F8,0x004F9},
    {0x00531,0x00556}, {0x00559,0x00559}, {0x00561,0x00587}, {0x005B0,0x005B9},
    {0x005BB,0x005BD}, {0x005BF,0x005BF}, {0x005C1,0x005C2}, {0x005D0,0x005EA},
    {0x005F0,0x005F2}, {0x00621,0x0063A}, {0x00640,0x00652}, {0x00670,0x006B7},
    {0x006BA,0x006BE}, {0x006C0,0x006CE}, {0x006D0,0x006DC}, {0x006E5,0x006E8},
    {0x006EA,0x006ED}, {0x00901,0x00903}, {0x00905,0x00939}, {0x0093D,0x0094D},
    {0x00950,0x00952}, {0x00958,0x00963}, {0x00981,0x00983}, {0x00985,0x0098C},
    {0x0098F,0x00990}, {0x00993,0x009A8}, {0x009AA,0x009B0}, {0x009B2,0x009B2},
    {0x009B6,0x009B9}, {0x009BE,0x009C4}, {0x009C7,0x009C8}, {0x009CB,0x009CD},
    {0x009DC,0x009DD}, {0x009DF,0x009E3}, {0x009F0,0x009F1}, {0x00A02,0x00A02},
    {0x00A05,0x00A0A}, {0x00A0F,0x00A10}, {0x00A13,0x00A28}, {0x00A2A,0x00A30},
    {0x00A32,0x00A33}, {0x00A35,0x00A36}, {0x00A38,0x00A39}, {0x00A3E,0x00A42},
    {0x00A47,0x00A48}, {0x00A4B,0x00A4D}, {0x00A59,0x00A5C}, {0x00A5E,0x00A5E},
    {0x00A74,0x00A74}, {0x00A81,0x00A83}, {0x00A85,0x00A8B}, {0x00A8D,0x00A8D},
    {0x00A8F,0x00A91}, {0x00A93,0x00AA8}, {0x00AAA,0x00AB0}, {0x00AB2,0x00AB3},
    {0x00AB5,0x00AB9}, {0x00ABD,0x00AC5}, {0x00AC7,0x00AC9}, {0x00ACB,0x00ACD},
    {0x00AD0,0x00AD0}, {0x00AE0,0x00AE0}, {0x00B01,0x00B03}, {0x00B05,0x00B0C},
    {0x00B0F,0x00B10}, {0x00B13,0x00B28}, {0x00B2A,0x00B30}, {0x00B32,0x00B33},
    {0x00B36,0x00B39}, {0x00B3D,0x00B43}, {0x00B47,0x00B48}, {0x00B4B,0x00B4D},
    {0x00B5C,0x00B5D}, {0x00B5F,0x00B61}, {0x00B82,0x00B83}, {0x00B85,0x00B8A},
    {0x00B8E,0x00B90}, {0x00B92,0x00B95}, {0x00B99,0x00B9A}, {0x00B9C,0x00B9C},
    {0x00B9E,0x00B9F}, {0x00BA3,0x00BA4}, {0x00BA8,0x00BAA}, {0x00BAE,0x00BB5},
    {0x00BB7,0x00BB9}, {0x00BBE,0x00BC2}, {0x00BC6,0x00BC8}, {0x00BCA,0x00BCD},
    {0x00C01,0x00C03}, {0x00C05,0x00C0C}, {0x00C0E,0x00C10}, {0x00C12,0x00C28},
    {0x00C2A,0x00C33}, {0x00C35,0x00C39}, {0x00C3E,0x00C44}, {0x00C46,0x00C48},
    {0x00C4A,0x00C4D}, {0x00C60,0x00C61}, {0x00C82,0x00C83}, {0x00C85,0x00C8C},
    {0x00C8E,0x00C90}, {0x00C92,0x00CA8}, {0x00CAA,0x00CB3}, {0x00CB5,0x00CB9},
    {0x00CBE,0x00CC4}, {0x00CC6,0x00CC8}, {0x00CCA,0x00CCD}, {0x00CDE,0x00CDE},
    {0x00CE0,0x00CE1}, {0x00D02,0x00D03}, {0x00D05,0x00D0C}, {0x00D0E,0x00D10},
    {0x00D12,0x00D28}, {0x00D2A,0x00D39}, {0x00D3E,0x00D43}, {0x00D46,0x00D48},
    {0x00D4A,0x00D4D}, {0x00D60,0x00D61}, {0x00E01,0x00E3A}, {0x00E40,0x00E49},
    {0x00E5A,0x00E5B}, {0x00E81,0x00E82}, {0x00E84,0x00E84}, {0x00E87,0x00E88},
    {0x00E8A,0x00E8A}, {0x00E8D,0x00E8D}, {0x00E94,0x00E97}, {0x00E99,0x00E9F},
    {0x00EA1,0x00EA3}, {0x00EA5,0x00EA5}, {0x00EA7,0x00EA7}, {0x00EAA,0x00EAB},
    {0x00EAD,0x00EAE}, {0x00EB0,0x00EB9}, {0x00EBB,0x00EBD}, {0x00EC0,0x00EC4},
    {0x00EC6,0x00EC6}, {0x00EC8,0x00ECD}, {0x00EDC,0x00EDD}, {0x00F00,0x00F00},
    {0x00F18,0x00F19}, {0x00F35,0x00F35}, {0x00F37,0x00F37}, {0x00F39,0x00F39},
    {0x00F3E,0x00F47}, {0x00F49,0x00F69}, {0x00F71,0x00F84}, {0x00F86,0x00F8B},
    {0x00F90,0x00F95}, {0x00F97,0x00F97}, {0x00F99,0x00FAD}, {0x00FB1,0x00FB7},
    {0x00FB9,0x00FB9}, {0x010A0,0x010C5}, {0x010D0,0x010F6}, {0x01E00,0x01E9B},
    {0x01EA0,0x01EF9}, {0x01F00,0x01F15}, {0x01F18,0x01F1D}, {0x01F20,0x01F45},
    {0x01F48,0x01F4D}, {0x01F50,0x01F57}, {0x01F59,0x01F59}, {0x01F5B,0x01F5B},
    {0x01F5D,0x01F5D}, {0x01F5F,0x01F7D}, {0x01F80,0x01FB4}, {0x01FB6,0x01FBC},
    {0x01FBE,0x01FBE}, {0x01FC2,0x01FC4}, {0x01FC6,0x01FCC}, {0x01FD0,0x01FD3},
    {0x01FD6,0x01FDB}, {0x01FE0,0x01FEC}, {0x01FF2,0x01FF4}, {0x01FF6,0x01FFC},
    {0x0203F,0x02040}, {0x0207F,0x0207F}, {0x02102,0x02102}, {0x02107,0x02107},
    {0x0210A,0x02113}, {0x02115,0x02115}, {0x02118,0x0211D}, {0x02124,0x02124},
    {0x02126,0x02126}, {0x02128,0x02128}, {0x0212A,0x02131}, {0x02133,0x02138},
    {0x02160,0x02182}, {0x03005,0x03007}, {0x03021,0x03029}, {0x03041,0x03093},
    {0x0309B,0x0309C}, {0x030A1,0x030F6}, {0x030FB,0x030FC}, {0x03105,0x0312C},
    {0x04E00,0x09FA5}, {0x0AC00,0x0D7A3},
};

// d_internal_c99_digit
//   constant: C99 Annex D digits, allowed but not initially; 14 ranges.
static const struct d_lex_unicode_range d_internal_c99_digit[] =
{
    {0x00660,0x00669}, {0x006F0,0x006F9}, {0x00966,0x0096F}, {0x009E6,0x009EF},
    {0x00A66,0x00A6F}, {0x00AE6,0x00AEF}, {0x00B66,0x00B6F}, {0x00BE7,0x00BEF},
    {0x00C66,0x00C6F}, {0x00CE6,0x00CEF}, {0x00D66,0x00D6F}, {0x00E50,0x00E59},
    {0x00ED0,0x00ED9}, {0x00F20,0x00F33},
};

// d_internal_c11_start
//   constant: C11 D.1 less D.2, allowed anywhere in an identifier; 46 ranges.
static const struct d_lex_unicode_range d_internal_c11_start[] =
{
    {0x000A8,0x000A8}, {0x000AA,0x000AA}, {0x000AD,0x000AD}, {0x000AF,0x000AF},
    {0x000B2,0x000B5}, {0x000B7,0x000BA}, {0x000BC,0x000BE}, {0x000C0,0x000D6},
    {0x000D8,0x000F6}, {0x000F8,0x002FF}, {0x00370,0x0167F}, {0x01681,0x0180D},
    {0x0180F,0x01DBF}, {0x01E00,0x01FFF}, {0x0200B,0x0200D}, {0x0202A,0x0202E},
    {0x0203F,0x02040}, {0x02054,0x02054}, {0x02060,0x020CF}, {0x02100,0x0218F},
    {0x02460,0x024FF}, {0x02776,0x02793}, {0x02C00,0x02DFF}, {0x02E80,0x02FFF},
    {0x03004,0x03007}, {0x03021,0x0302F}, {0x03031,0x0D7FF}, {0x0F900,0x0FD3D},
    {0x0FD40,0x0FDCF}, {0x0FDF0,0x0FE1F}, {0x0FE30,0x0FE44}, {0x0FE47,0x0FFFD},
    {0x10000,0x1FFFD}, {0x20000,0x2FFFD}, {0x30000,0x3FFFD}, {0x40000,0x4FFFD},
    {0x50000,0x5FFFD}, {0x60000,0x6FFFD}, {0x70000,0x7FFFD}, {0x80000,0x8FFFD},
    {0x90000,0x9FFFD}, {0xA0000,0xAFFFD}, {0xB0000,0xBFFFD}, {0xC0000,0xCFFFD},
    {0xD0000,0xDFFFD}, {0xE0000,0xEFFFD},
};

// d_internal_c11_nostart
//   constant: C11 D.2, allowed but not initially; 4 ranges.
static const struct d_lex_unicode_range d_internal_c11_nostart[] =
{
    {0x00300,0x0036F}, {0x01DC0,0x01DFF}, {0x020D0,0x020FF}, {0x0FE20,0x0FE2F},
};

// d_internal_ccc
//   constant: non-zero canonical combining classes; 422 ranges.
static const struct d_lex_unicode_class d_internal_ccc[] =
{
    {0x00300,0x00314,230},
    {0x00315,0x00315,232},
    {0x00316,0x00319,220},
    {0x0031A,0x0031A,232},
    {0x0031B,0x0031B,216},
    {0x0031C,0x00320,220},
    {0x00321,0x00322,202},
    {0x00323,0x00326,220},
    {0x00327,0x00328,202},
    {0x00329,0x00333,220},
    {0x00334,0x00338,  1},
    {0x00339,0x0033C,220},
    {0x0033D,0x00344,230},
    {0x00345,0x00345,240},
    {0x00346,0x00346,230},
    {0x00347,0x00349,220},
    {0x0034A,0x0034C,230},
    {0x0034D,0x0034E,220},
    {0x00350,0x00352,230},
    {0x00353,0x00356,220},
    {0x00357,0x00357,230},
    {0x00358,0x00358,232},
    {0x00359,0x0035A,220},
    {0x0035B,0x0035B,230},
    {0x0035C,0x0035C,233},
    {0x0035D,0x0035E,234},
    {0x0035F,0x0035F,233},
    {0x00360,0x00361,234},
    {0x00362,0x00362,233},
    {0x00363,0x0036F,230},
    {0x00483,0x00487,230},
    {0x00591,0x00591,220},
    {0x00592,0x00595,230},
    {0x00596,0x00596,220},
    {0x00597,0x00599,230},
    {0x0059A,0x0059A,222},
    {0x0059B,0x0059B,220},
    {0x0059C,0x005A1,230},
    {0x005A2,0x005A7,220},
    {0x005A8,0x005A9,230},
    {0x005AA,0x005AA,220},
    {0x005AB,0x005AC,230},
    {0x005AD,0x005AD,222},
    {0x005AE,0x005AE,228},
    {0x005AF,0x005AF,230},
    {0x005B0,0x005B0, 10},
    {0x005B1,0x005B1, 11},
    {0x005B2,0x005B2, 12},
    {0x005B3,0x005B3, 13},
    {0x005B4,0x005B4, 14},
    {0x005B5,0x005B5, 15},
    {0x005B6,0x005B6, 16},
    {0x005B7,0x005B7, 17},
    {0x005B8,0x005B8, 18},
    {0x005B9,0x005BA, 19},
    {0x005BB,0x005BB, 20},
    {0x005BC,0x005BC, 21},
    {0x005BD,0x005BD, 22},
    {0x005BF,0x005BF, 23},
    {0x005C1,0x005C1, 24},
    {0x005C2,0x005C2, 25},
    {0x005C4,0x005C4,230},
    {0x005C5,0x005C5,220},
    {0x005C7,0x005C7, 18},
    {0x005C8,0x005C8, 10},
    {0x005C9,0x005C9, 21},
    {0x00610,0x00617,230},
    {0x00618,0x00618, 30},
    {0x00619,0x00619, 31},
    {0x0061A,0x0061A, 32},
    {0x0064B,0x0064B, 27},
    {0x0064C,0x0064C, 28},
    {0x0064D,0x0064D, 29},
    {0x0064E,0x0064E, 30},
    {0x0064F,0x0064F, 31},
    {0x00650,0x00650, 32},
    {0x00651,0x00651, 33},
    {0x00652,0x00652, 34},
    {0x00653,0x00654,230},
    {0x00655,0x00656,220},
    {0x00657,0x0065B,230},
    {0x0065C,0x0065C,220},
    {0x0065D,0x0065E,230},
    {0x0065F,0x0065F,220},
    {0x00670,0x00670, 35},
    {0x006D6,0x006DC,230},
    {0x006DF,0x006E2,230},
    {0x006E3,0x006E3,220},
    {0x006E4,0x006E4,230},
    {0x006E7,0x006E8,230},
    {0x006EA,0x006EA,220},
    {0x006EB,0x006EC,230},
    {0x006ED,0x006ED,220},
    {0x00711,0x00711, 36},
    {0x00730,0x00730,230},
    {0x00731,0x00731,220},
    {0x00732,0x00733,230},
    {0x00734,0x00734,220},
    {0x00735,0x00736,230},
    {0x00737,0x00739,220},
    {0x0073A,0x0073A,230},
    {0x0073B,0x0073C,220},
    {0x0073D,0x0073D,230},
    {0x0073E,0x0073E,220},
    {0x0073F,0x00741,230},
    {0x00742,0x00742,220},
    {0x00743,0x00743,230},
    {0x00744,0x00744,220},
    {0x00745,0x00745,230},
    {0x00746,0x00746,220},
    {0x00747,0x00747,230},
    {0x00748,0x00748,220},
    {0x00749,0x0074A,230},
    {0x007EB,0x007F1,230},
    {0x007F2,0x007F2,220},
    {0x007F3,0x007F3,230},
    {0x007FD,0x007FD,220},
    {0x00816,0x00819,230},
    {0x0081B,0x00823,230},
    {0x00825,0x00827,230},
    {0x00829,0x0082D,230},
    {0x00859,0x0085B,220},
    {0x00897,0x00898,230},
    {0x00899,0x0089B,220},
    {0x0089C,0x0089F,230},
    {0x008CA,0x008CE,230},
    {0x008CF,0x008D3,220},
    {0x008D4,0x008E1,230},
    {0x008E3,0x008E3,220},
    {0x008E4,0x008E5,230},
    {0x008E6,0x008E6,220},
    {0x008E7,0x008E8,230},
    {0x008E9,0x008E9,220},
    {0x008EA,0x008EC,230},
    {0x008ED,0x008EF,220},
    {0x008F0,0x008F0, 27},
    {0x008F1,0x008F1, 28},
    {0x008F2,0x008F2, 29},
    {0x008F3,0x008F5,230},
    {0x008F6,0x008F6,220},
    {0x008F7,0x008F8,230},
    {0x008F9,0x008FA,220},
    {0x008FB,0x008FF,230},
    {0x0093C,0x0093C,  7},
    {0x0094D,0x0094D,  9},
    {0x00951,0x00951,230},
    {0x00952,0x00952,220},
    {0x00953,0x00954,230},
    {0x009BC,0x009BC,  7},
    {0x009CD,0x009CD,  9},
    {0x009FE,0x009FE,230},
    {0x00A3C,0x00A3C,  7},
    {0x00A4D,0x00A4D,  9},
    {0x00ABC,0x00ABC,  7},
    {0x00ACD,0x00ACD,  9},
    {0x00B3C,0x00B3C,  7},
    {0x00B4D,0x00B4D,  9},
    {0x00BCD,0x00BCD,  9},
    {0x00C3C,0x00C3C,  7},
    {0x00C4D,0x00C4D,  9},
    {0x00C55,0x00C55, 84},
    {0x00C56,0x00C56, 91},
    {0x00CBC,0x00CBC,  7},
    {0x00CCD,0x00CCD,  9},
    {0x00D3B,0x00D3C,  9},
    {0x00D4D,0x00D4D,  9},
    {0x00DCA,0x00DCA,  9},
    {0x00E38,0x00E39,103},
    {0x00E3A,0x00E3A,  9},
    {0x00E48,0x00E4B,107},
    {0x00EB8,0x00EB9,118},
    {0x00EBA,0x00EBA,  9},
    {0x00EC8,0x00ECB,122},
    {0x00F18,0x00F19,220},
    {0x00F35,0x00F35,220},
    {0x00F37,0x00F37,220},
    {0x00F39,0x00F39,216},
    {0x00F71,0x00F71,129},
    {0x00F72,0x00F72,130},
    {0x00F74,0x00F74,132},
    {0x00F7A,0x00F7D,130},
    {0x00F80,0x00F80,130},
    {0x00F82,0x00F83,230},
    {0x00F84,0x00F84,  9},
    {0x00F86,0x00F87,230},
    {0x00FC6,0x00FC6,220},
    {0x01037,0x01037,  7},
    {0x01039,0x0103A,  9},
    {0x0108D,0x0108D,220},
    {0x0135D,0x0135F,230},
    {0x01714,0x01715,  9},
    {0x01734,0x01734,  9},
    {0x017D2,0x017D2,  9},
    {0x017DD,0x017DD,230},
    {0x018A9,0x018A9,228},
    {0x01939,0x01939,222},
    {0x0193A,0x0193A,230},
    {0x0193B,0x0193B,220},
    {0x01A17,0x01A17,230},
    {0x01A18,0x01A18,220},
    {0x01A60,0x01A60,  9},
    {0x01A75,0x01A7C,230},
    {0x01A7F,0x01A7F,220},
    {0x01AB0,0x01AB4,230},
    {0x01AB5,0x01ABA,220},
    {0x01ABB,0x01ABC,230},
    {0x01ABD,0x01ABD,220},
    {0x01ABF,0x01AC0,220},
    {0x01AC1,0x01AC2,230},
    {0x01AC3,0x01AC4,220},
    {0x01AC5,0x01AC9,230},
    {0x01ACA,0x01ACA,220},
    {0x01ACB,0x01ADC,230},
    {0x01ADD,0x01ADD,220},
    {0x01ADE,0x01AE5,230},
    {0x01AE6,0x01AE6,220},
    {0x01AE7,0x01AEA,230},
    {0x01AEB,0x01AEB,234},
    {0x01AEC,0x01AED,230},
    {0x01AEE,0x01AEF,220},
    {0x01AF0,0x01AF0,230},
    {0x01B34,0x01B34,  7},
    {0x01B44,0x01B44,  9},
    {0x01B6B,0x01B6B,230},
    {0x01B6C,0x01B6C,220},
    {0x01B6D,0x01B73,230},
    {0x01BAA,0x01BAB,  9},
    {0x01BE6,0x01BE6,  7},
    {0x01BF2,0x01BF3,  9},
    {0x01C37,0x01C37,  7},
    {0x01CD0,0x01CD2,230},
    {0x01CD4,0x01CD4,  1},
    {0x01CD5,0x01CD9,220},
    {0x01CDA,0x01CDB,230},
    {0x01CDC,0x01CDF,220},
    {0x01CE0,0x01CE0,230},
    {0x01CE2,0x01CE8,  1},
    {0x01CED,0x01CED,220},
    {0x01CF4,0x01CF4,230},
    {0x01CF8,0x01CF9,230},
    {0x01DC0,0x01DC1,230},
    {0x01DC2,0x01DC2,220},
    {0x01DC3,0x01DC9,230},
    {0x01DCA,0x01DCA,220},
    {0x01DCB,0x01DCC,230},
    {0x01DCD,0x01DCD,234},
    {0x01DCE,0x01DCE,214},
    {0x01DCF,0x01DCF,220},
    {0x01DD0,0x01DD0,202},
    {0x01DD1,0x01DF5,230},
    {0x01DF6,0x01DF6,232},
    {0x01DF7,0x01DF8,228},
    {0x01DF9,0x01DF9,220},
    {0x01DFA,0x01DFA,218},
    {0x01DFB,0x01DFB,230},
    {0x01DFC,0x01DFC,233},
    {0x01DFD,0x01DFD,220},
    {0x01DFE,0x01DFE,230},
    {0x01DFF,0x01DFF,220},
    {0x020D0,0x020D1,230},
    {0x020D2,0x020D3,  1},
    {0x020D4,0x020D7,230},
    {0x020D8,0x020DA,  1},
    {0x020DB,0x020DC,230},
    {0x020E1,0x020E1,230},
    {0x020E5,0x020E6,  1},
    {0x020E7,0x020E7,230},
    {0x020E8,0x020E8,220},
    {0x020E9,0x020E9,230},
    {0x020EA,0x020EB,  1},
    {0x020EC,0x020EF,220},
    {0x020F0,0x020F0,230},
    {0x02CEF,0x02CF1,230},
    {0x02D7F,0x02D7F,  9},
    {0x02DE0,0x02DFF,230},
    {0x0302A,0x0302A,218},
    {0x0302B,0x0302B,228},
    {0x0302C,0x0302C,232},
    {0x0302D,0x0302D,222},
    {0x0302E,0x0302F,224},
    {0x03099,0x0309A,  8},
    {0x0A66F,0x0A66F,230},
    {0x0A674,0x0A67D,230},
    {0x0A69E,0x0A69F,230},
    {0x0A6F0,0x0A6F1,230},
    {0x0A806,0x0A806,  9},
    {0x0A82C,0x0A82C,  9},
    {0x0A8C4,0x0A8C4,  9},
    {0x0A8E0,0x0A8F1,230},
    {0x0A92B,0x0A92D,220},
    {0x0A953,0x0A953,  9},
    {0x0A9B3,0x0A9B3,  7},
    {0x0A9C0,0x0A9C0,  9},
    {0x0AAB0,0x0AAB0,230},
    {0x0AAB2,0x0AAB3,230},
    {0x0AAB4,0x0AAB4,220},
    {0x0AAB7,0x0AAB8,230},
    {0x0AABE,0x0AABF,230},
    {0x0AAC1,0x0AAC1,230},
    {0x0AAF6,0x0AAF6,  9},
    {0x0ABED,0x0ABED,  9},
    {0x0FB1E,0x0FB1E, 26},
    {0x0FE20,0x0FE26,230},
    {0x0FE27,0x0FE2D,220},
    {0x0FE2E,0x0FE2F,230},
    {0x101FD,0x101FD,220},
    {0x102E0,0x102E0,220},
    {0x10376,0x1037A,230},
    {0x10A0D,0x10A0D,220},
    {0x10A0F,0x10A0F,230},
    {0x10A38,0x10A38,230},
    {0x10A39,0x10A39,  1},
    {0x10A3A,0x10A3A,220},
    {0x10A3F,0x10A3F,  9},
    {0x10AE5,0x10AE5,230},
    {0x10AE6,0x10AE6,220},
    {0x10D24,0x10D27,230},
    {0x10D69,0x10D6D,230},
    {0x10EAB,0x10EAC,230},
    {0x10ECB,0x10ECB,230},
    {0x10ECC,0x10ECD,220},
    {0x10ECE,0x10ECF,230},
    {0x10EF0,0x10EF2,220},
    {0x10EF3,0x10EF3,230},
    {0x10EF4,0x10EF4,220},
    {0x10EF5,0x10EF5,230},
    {0x10EF6,0x10EF6,220},
    {0x10EF7,0x10EF9,230},
    {0x10EFA,0x10EFB,220},
    {0x10EFD,0x10EFF,220},
    {0x10F46,0x10F47,220},
    {0x10F48,0x10F4A,230},
    {0x10F4B,0x10F4B,220},
    {0x10F4C,0x10F4C,230},
    {0x10F4D,0x10F50,220},
    {0x10F82,0x10F82,230},
    {0x10F83,0x10F83,220},
    {0x10F84,0x10F84,230},
    {0x10F85,0x10F85,220},
    {0x11046,0x11046,  9},
    {0x11070,0x11070,  9},
    {0x1107F,0x1107F,  9},
    {0x110B9,0x110B9,  9},
    {0x110BA,0x110BA,  7},
    {0x11100,0x11102,230},
    {0x11133,0x11134,  9},
    {0x11173,0x11173,  7},
    {0x111C0,0x111C0,  9},
    {0x111CA,0x111CA,  7},
    {0x11235,0x11235,  9},
    {0x11236,0x11236,  7},
    {0x112E9,0x112E9,  7},
    {0x112EA,0x112EA,  9},
    {0x1133B,0x1133C,  7},
    {0x1134D,0x1134D,  9},
    {0x11366,0x1136C,230},
    {0x11370,0x11374,230},
    {0x113CE,0x113D0,  9},
    {0x11442,0x11442,  9},
    {0x11446,0x11446,  7},
    {0x1145E,0x1145E,230},
    {0x114C2,0x114C2,  9},
    {0x114C3,0x114C3,  7},
    {0x115BF,0x115BF,  9},
    {0x115C0,0x115C0,  7},
    {0x1163F,0x1163F,  9},
    {0x116B6,0x116B6,  9},
    {0x116B7,0x116B7,  7},
    {0x1172B,0x1172B,  9},
    {0x11839,0x11839,  9},
    {0x1183A,0x1183A,  7},
    {0x1193D,0x1193E,  9},
    {0x11943,0x11943,  7},
    {0x119E0,0x119E0,  9},
    {0x11A34,0x11A34,  9},
    {0x11A47,0x11A47,  9},
    {0x11A99,0x11A99,  9},
    {0x11C3F,0x11C3F,  9},
    {0x11D42,0x11D42,  7},
    {0x11D44,0x11D45,  9},
    {0x11D97,0x11D97,  9},
    {0x11F41,0x11F42,  9},
    {0x1612F,0x1612F,  9},
    {0x16AF0,0x16AF4,  1},
    {0x16B30,0x16B36,230},
    {0x16FF0,0x16FF1,  6},
    {0x1BC9E,0x1BC9E,  1},
    {0x1D127,0x1D128,220},
    {0x1D165,0x1D166,216},
    {0x1D167,0x1D169,  1},
    {0x1D16D,0x1D16D,226},
    {0x1D16E,0x1D172,216},
    {0x1D17B,0x1D182,220},
    {0x1D185,0x1D189,230},
    {0x1D18A,0x1D18B,220},
    {0x1D1AA,0x1D1AD,230},
    {0x1D242,0x1D244,230},
    {0x1D250,0x1D252,216},
    {0x1D25B,0x1D25C,  1},
    {0x1D25F,0x1D25F,216},
    {0x1D280,0x1D281,216},
    {0x1E000,0x1E006,230},
    {0x1E008,0x1E018,230},
    {0x1E01B,0x1E021,230},
    {0x1E023,0x1E024,230},
    {0x1E026,0x1E02A,230},
    {0x1E08F,0x1E08F,230},
    {0x1E130,0x1E136,230},
    {0x1E2AE,0x1E2AE,230},
    {0x1E2EC,0x1E2EF,230},
    {0x1E4EC,0x1E4ED,232},
    {0x1E4EE,0x1E4EE,220},
    {0x1E4EF,0x1E4EF,230},
    {0x1E5EE,0x1E5EE,230},
    {0x1E5EF,0x1E5EF,220},
    {0x1E6E3,0x1E6E3,230},
    {0x1E6E6,0x1E6E6,230},
    {0x1E6EE,0x1E6EF,230},
    {0x1E6F5,0x1E6F5,230},
    {0x1E8D0,0x1E8D6,220},
    {0x1E944,0x1E949,230},
    {0x1E94A,0x1E94A,  7},
};

// d_internal_decomposition
//   constant: canonical decompositions, one level, by code point; 2081 rows.
static const struct d_lex_unicode_pair d_internal_decomposition[] =
{
    {0x000C0,0x00041,0x00300},
    {0x000C1,0x00041,0x00301},
    {0x000C2,0x00041,0x00302},
    {0x000C3,0x00041,0x00303},
    {0x000C4,0x00041,0x00308},
    {0x000C5,0x00041,0x0030A},
    {0x000C7,0x00043,0x00327},
    {0x000C8,0x00045,0x00300},
    {0x000C9,0x00045,0x00301},
    {0x000CA,0x00045,0x00302},
    {0x000CB,0x00045,0x00308},
    {0x000CC,0x00049,0x00300},
    {0x000CD,0x00049,0x00301},
    {0x000CE,0x00049,0x00302},
    {0x000CF,0x00049,0x00308},
    {0x000D1,0x0004E,0x00303},
    {0x000D2,0x0004F,0x00300},
    {0x000D3,0x0004F,0x00301},
    {0x000D4,0x0004F,0x00302},
    {0x000D5,0x0004F,0x00303},
    {0x000D6,0x0004F,0x00308},
    {0x000D9,0x00055,0x00300},
    {0x000DA,0x00055,0x00301},
    {0x000DB,0x00055,0x00302},
    {0x000DC,0x00055,0x00308},
    {0x000DD,0x00059,0x00301},
    {0x000E0,0x00061,0x00300},
    {0x000E1,0x00061,0x00301},
    {0x000E2,0x00061,0x00302},
    {0x000E3,0x00061,0x00303},
    {0x000E4,0x00061,0x00308},
    {0x000E5,0x00061,0x0030A},
    {0x000E7,0x00063,0x00327},
    {0x000E8,0x00065,0x00300},
    {0x000E9,0x00065,0x00301},
    {0x000EA,0x00065,0x00302},
    {0x000EB,0x00065,0x00308},
    {0x000EC,0x00069,0x00300},
    {0x000ED,0x00069,0x00301},
    {0x000EE,0x00069,0x00302},
    {0x000EF,0x00069,0x00308},
    {0x000F1,0x0006E,0x00303},
    {0x000F2,0x0006F,0x00300},
    {0x000F3,0x0006F,0x00301},
    {0x000F4,0x0006F,0x00302},
    {0x000F5,0x0006F,0x00303},
    {0x000F6,0x0006F,0x00308},
    {0x000F9,0x00075,0x00300},
    {0x000FA,0x00075,0x00301},
    {0x000FB,0x00075,0x00302},
    {0x000FC,0x00075,0x00308},
    {0x000FD,0x00079,0x00301},
    {0x000FF,0x00079,0x00308},
    {0x00100,0x00041,0x00304},
    {0x00101,0x00061,0x00304},
    {0x00102,0x00041,0x00306},
    {0x00103,0x00061,0x00306},
    {0x00104,0x00041,0x00328},
    {0x00105,0x00061,0x00328},
    {0x00106,0x00043,0x00301},
    {0x00107,0x00063,0x00301},
    {0x00108,0x00043,0x00302},
    {0x00109,0x00063,0x00302},
    {0x0010A,0x00043,0x00307},
    {0x0010B,0x00063,0x00307},
    {0x0010C,0x00043,0x0030C},
    {0x0010D,0x00063,0x0030C},
    {0x0010E,0x00044,0x0030C},
    {0x0010F,0x00064,0x0030C},
    {0x00112,0x00045,0x00304},
    {0x00113,0x00065,0x00304},
    {0x00114,0x00045,0x00306},
    {0x00115,0x00065,0x00306},
    {0x00116,0x00045,0x00307},
    {0x00117,0x00065,0x00307},
    {0x00118,0x00045,0x00328},
    {0x00119,0x00065,0x00328},
    {0x0011A,0x00045,0x0030C},
    {0x0011B,0x00065,0x0030C},
    {0x0011C,0x00047,0x00302},
    {0x0011D,0x00067,0x00302},
    {0x0011E,0x00047,0x00306},
    {0x0011F,0x00067,0x00306},
    {0x00120,0x00047,0x00307},
    {0x00121,0x00067,0x00307},
    {0x00122,0x00047,0x00327},
    {0x00123,0x00067,0x00327},
    {0x00124,0x00048,0x00302},
    {0x00125,0x00068,0x00302},
    {0x00128,0x00049,0x00303},
    {0x00129,0x00069,0x00303},
    {0x0012A,0x00049,0x00304},
    {0x0012B,0x00069,0x00304},
    {0x0012C,0x00049,0x00306},
    {0x0012D,0x00069,0x00306},
    {0x0012E,0x00049,0x00328},
    {0x0012F,0x00069,0x00328},
    {0x00130,0x00049,0x00307},
    {0x00134,0x0004A,0x00302},
    {0x00135,0x0006A,0x00302},
    {0x00136,0x0004B,0x00327},
    {0x00137,0x0006B,0x00327},
    {0x00139,0x0004C,0x00301},
    {0x0013A,0x0006C,0x00301},
    {0x0013B,0x0004C,0x00327},
    {0x0013C,0x0006C,0x00327},
    {0x0013D,0x0004C,0x0030C},
    {0x0013E,0x0006C,0x0030C},
    {0x00143,0x0004E,0x00301},
    {0x00144,0x0006E,0x00301},
    {0x00145,0x0004E,0x00327},
    {0x00146,0x0006E,0x00327},
    {0x00147,0x0004E,0x0030C},
    {0x00148,0x0006E,0x0030C},
    {0x0014C,0x0004F,0x00304},
    {0x0014D,0x0006F,0x00304},
    {0x0014E,0x0004F,0x00306},
    {0x0014F,0x0006F,0x00306},
    {0x00150,0x0004F,0x0030B},
    {0x00151,0x0006F,0x0030B},
    {0x00154,0x00052,0x00301},
    {0x00155,0x00072,0x00301},
    {0x00156,0x00052,0x00327},
    {0x00157,0x00072,0x00327},
    {0x00158,0x00052,0x0030C},
    {0x00159,0x00072,0x0030C},
    {0x0015A,0x00053,0x00301},
    {0x0015B,0x00073,0x00301},
    {0x0015C,0x00053,0x00302},
    {0x0015D,0x00073,0x00302},
    {0x0015E,0x00053,0x00327},
    {0x0015F,0x00073,0x00327},
    {0x00160,0x00053,0x0030C},
    {0x00161,0x00073,0x0030C},
    {0x00162,0x00054,0x00327},
    {0x00163,0x00074,0x00327},
    {0x00164,0x00054,0x0030C},
    {0x00165,0x00074,0x0030C},
    {0x00168,0x00055,0x00303},
    {0x00169,0x00075,0x00303},
    {0x0016A,0x00055,0x00304},
    {0x0016B,0x00075,0x00304},
    {0x0016C,0x00055,0x00306},
    {0x0016D,0x00075,0x00306},
    {0x0016E,0x00055,0x0030A},
    {0x0016F,0x00075,0x0030A},
    {0x00170,0x00055,0x0030B},
    {0x00171,0x00075,0x0030B},
    {0x00172,0x00055,0x00328},
    {0x00173,0x00075,0x00328},
    {0x00174,0x00057,0x00302},
    {0x00175,0x00077,0x00302},
    {0x00176,0x00059,0x00302},
    {0x00177,0x00079,0x00302},
    {0x00178,0x00059,0x00308},
    {0x00179,0x0005A,0x00301},
    {0x0017A,0x0007A,0x00301},
    {0x0017B,0x0005A,0x00307},
    {0x0017C,0x0007A,0x00307},
    {0x0017D,0x0005A,0x0030C},
    {0x0017E,0x0007A,0x0030C},
    {0x001A0,0x0004F,0x0031B},
    {0x001A1,0x0006F,0x0031B},
    {0x001AF,0x00055,0x0031B},
    {0x001B0,0x00075,0x0031B},
    {0x001CD,0x00041,0x0030C},
    {0x001CE,0x00061,0x0030C},
    {0x001CF,0x00049,0x0030C},
    {0x001D0,0x00069,0x0030C},
    {0x001D1,0x0004F,0x0030C},
    {0x001D2,0x0006F,0x0030C},
    {0x001D3,0x00055,0x0030C},
    {0x001D4,0x00075,0x0030C},
    {0x001D5,0x000DC,0x00304},
    {0x001D6,0x000FC,0x00304},
    {0x001D7,0x000DC,0x00301},
    {0x001D8,0x000FC,0x00301},
    {0x001D9,0x000DC,0x0030C},
    {0x001DA,0x000FC,0x0030C},
    {0x001DB,0x000DC,0x00300},
    {0x001DC,0x000FC,0x00300},
    {0x001DE,0x000C4,0x00304},
    {0x001DF,0x000E4,0x00304},
    {0x001E0,0x00226,0x00304},
    {0x001E1,0x00227,0x00304},
    {0x001E2,0x000C6,0x00304},
    {0x001E3,0x000E6,0x00304},
    {0x001E6,0x00047,0x0030C},
    {0x001E7,0x00067,0x0030C},
    {0x001E8,0x0004B,0x0030C},
    {0x001E9,0x0006B,0x0030C},
    {0x001EA,0x0004F,0x00328},
    {0x001EB,0x0006F,0x00328},
    {0x001EC,0x001EA,0x00304},
    {0x001ED,0x001EB,0x00304},
    {0x001EE,0x001B7,0x0030C},
    {0x001EF,0x00292,0x0030C},
    {0x001F0,0x0006A,0x0030C},
    {0x001F4,0x00047,0x00301},
    {0x001F5,0x00067,0x00301},
    {0x001F8,0x0004E,0x00300},
    {0x001F9,0x0006E,0x00300},
    {0x001FA,0x000C5,0x00301},
    {0x001FB,0x000E5,0x00301},
    {0x001FC,0x000C6,0x00301},
    {0x001FD,0x000E6,0x00301},
    {0x001FE,0x000D8,0x00301},
    {0x001FF,0x000F8,0x00301},
    {0x00200,0x00041,0x0030F},
    {0x00201,0x00061,0x0030F},
    {0x00202,0x00041,0x00311},
    {0x00203,0x00061,0x00311},
    {0x00204,0x00045,0x0030F},
    {0x00205,0x00065,0x0030F},
    {0x00206,0x00045,0x00311},
    {0x00207,0x00065,0x00311},
    {0x00208,0x00049,0x0030F},
    {0x00209,0x00069,0x0030F},
    {0x0020A,0x00049,0x00311},
    {0x0020B,0x00069,0x00311},
    {0x0020C,0x0004F,0x0030F},
    {0x0020D,0x0006F,0x0030F},
    {0x0020E,0x0004F,0x00311},
    {0x0020F,0x0006F,0x00311},
    {0x00210,0x00052,0x0030F},
    {0x00211,0x00072,0x0030F},
    {0x00212,0x00052,0x00311},
    {0x00213,0x00072,0x00311},
    {0x00214,0x00055,0x0030F},
    {0x00215,0x00075,0x0030F},
    {0x00216,0x00055,0x00311},
    {0x00217,0x00075,0x00311},
    {0x00218,0x00053,0x00326},
    {0x00219,0x00073,0x00326},
    {0x0021A,0x00054,0x00326},
    {0x0021B,0x00074,0x00326},
    {0x0021E,0x00048,0x0030C},
    {0x0021F,0x00068,0x0030C},
    {0x00226,0x00041,0x00307},
    {0x00227,0x00061,0x00307},
    {0x00228,0x00045,0x00327},
    {0x00229,0x00065,0x00327},
    {0x0022A,0x000D6,0x00304},
    {0x0022B,0x000F6,0x00304},
    {0x0022C,0x000D5,0x00304},
    {0x0022D,0x000F5,0x00304},
    {0x0022E,0x0004F,0x00307},
    {0x0022F,0x0006F,0x00307},
    {0x00230,0x0022E,0x00304},
    {0x00231,0x0022F,0x00304},
    {0x00232,0x00059,0x00304},
    {0x00233,0x00079,0x00304},
    {0x00340,0x00300,0x00000},
    {0x00341,0x00301,0x00000},
    {0x00343,0x00313,0x00000},
    {0x00344,0x00308,0x00301},
    {0x00374,0x002B9,0x00000},
    {0x0037E,0x0003B,0x00000},
    {0x00385,0x000A8,0x00301},
    {0x00386,0x00391,0x00301},
    {0x00387,0x000B7,0x00000},
    {0x00388,0x00395,0x00301},
    {0x00389,0x00397,0x00301},
    {0x0038A,0x00399,0x00301},
    {0x0038C,0x0039F,0x00301},
    {0x0038E,0x003A5,0x00301},
    {0x0038F,0x003A9,0x00301},
    {0x00390,0x003CA,0x00301},
    {0x003AA,0x00399,0x00308},
    {0x003AB,0x003A5,0x00308},
    {0x003AC,0x003B1,0x00301},
    {0x003AD,0x003B5,0x00301},
    {0x003AE,0x003B7,0x00301},
    {0x003AF,0x003B9,0x00301},
    {0x003B0,0x003CB,0x00301},
    {0x003CA,0x003B9,0x00308},
    {0x003CB,0x003C5,0x00308},
    {0x003CC,0x003BF,0x00301},
    {0x003CD,0x003C5,0x00301},
    {0x003CE,0x003C9,0x00301},
    {0x003D3,0x003D2,0x00301},
    {0x003D4,0x003D2,0x00308},
    {0x00400,0x00415,0x00300},
    {0x00401,0x00415,0x00308},
    {0x00403,0x00413,0x00301},
    {0x00407,0x00406,0x00308},
    {0x0040C,0x0041A,0x00301},
    {0x0040D,0x00418,0x00300},
    {0x0040E,0x00423,0x00306},
    {0x00419,0x00418,0x00306},
    {0x00439,0x00438,0x00306},
    {0x00450,0x00435,0x00300},
    {0x00451,0x00435,0x00308},
    {0x00453,0x00433,0x00301},
    {0x00457,0x00456,0x00308},
    {0x0045C,0x0043A,0x00301},
    {0x0045D,0x00438,0x00300},
    {0x0045E,0x00443,0x00306},
    {0x00476,0x00474,0x0030F},
    {0x00477,0x00475,0x0030F},
    {0x004C1,0x00416,0x00306},
    {0x004C2,0x00436,0x00306},
    {0x004D0,0x00410,0x00306},
    {0x004D1,0x00430,0x00306},
    {0x004D2,0x00410,0x00308},
    {0x004D3,0x00430,0x00308},
    {0x004D6,0x00415,0x00306},
    {0x004D7,0x00435,0x00306},
    {0x004DA,0x004D8,0x00308},
    {0x004DB,0x004D9,0x00308},
    {0x004DC,0x00416,0x00308},
    {0x004DD,0x00436,0x00308},
    {0x004DE,0x00417,0x00308},
    {0x004DF,0x00437,0x00308},
    {0x004E2,0x00418,0x00304},
    {0x004E3,0x00438,0x00304},
    {0x004E4,0x00418,0x00308},
    {0x004E5,0x00438,0x00308},
    {0x004E6,0x0041E,0x00308},
    {0x004E7,0x0043E,0x00308},
    {0x004EA,0x004E8,0x00308},
    {0x004EB,0x004E9,0x00308},
    {0x004EC,0x0042D,0x00308},
    {0x004ED,0x0044D,0x00308},
    {0x004EE,0x00423,0x00304},
    {0x004EF,0x00443,0x00304},
    {0x004F0,0x00423,0x00308},
    {0x004F1,0x00443,0x00308},
    {0x004F2,0x00423,0x0030B},
    {0x004F3,0x00443,0x0030B},
    {0x004F4,0x00427,0x00308},
    {0x004F5,0x00447,0x00308},
    {0x004F8,0x0042B,0x00308},
    {0x004F9,0x0044B,0x00308},
    {0x00622,0x00627,0x00653},
    {0x00623,0x00627,0x00654},
    {0x00624,0x00648,0x00654},
    {0x00625,0x00627,0x00655},
    {0x00626,0x0064A,0x00654},
    {0x006C0,0x006D5,0x00654},
    {0x006C2,0x006C1,0x00654},
    {0x006D3,0x006D2,0x00654},
    {0x00929,0x00928,0x0093C},
    {0x00931,0x00930,0x0093C},
    {0x00934,0x00933,0x0093C},
    {0x00958,0x00915,0x0093C},
    {0x00959,0x00916,0x0093C},
    {0x0095A,0x00917,0x0093C},
    {0x0095B,0x0091C,0x0093C},
    {0x0095C,0x00921,0x0093C},
    {0x0095D,0x00922,0x0093C},
    {0x0095E,0x0092B,0x0093C},
    {0x0095F,0x0092F,0x0093C},
    {0x009CB,0x009C7,0x009BE},
    {0x009CC,0x009C7,0x009D7},
    {0x009DC,0x009A1,0x009BC},
    {0x009DD,0x009A2,0x009BC},
    {0x009DF,0x009AF,0x009BC},
    {0x00A33,0x00A32,0x00A3C},
    {0x00A36,0x00A38,0x00A3C},
    {0x00A59,0x00A16,0x00A3C},
    {0x00A5A,0x00A17,0x00A3C},
    {0x00A5B,0x00A1C,0x00A3C},
    {0x00A5E,0x00A2B,0x00A3C},
    {0x00B48,0x00B47,0x00B56},
    {0x00B4B,0x00B47,0x00B3E},
    {0x00B4C,0x00B47,0x00B57},
    {0x00B5C,0x00B21,0x00B3C},
    {0x00B5D,0x00B22,0x00B3C},
    {0x00B94,0x00B92,0x00BD7},
    {0x00BCA,0x00BC6,0x00BBE},
    {0x00BCB,0x00BC7,0x00BBE},
    {0x00BCC,0x00BC6,0x00BD7},
    {0x00C48,0x00C46,0x00C56},
    {0x00CC0,0x00CBF,0x00CD5},
    {0x00CC7,0x00CC6,0x00CD5},
    {0x00CC8,0x00CC6,0x00CD6},
    {0x00CCA,0x00CC6,0x00CC2},
    {0x00CCB,0x00CCA,0x00CD5},
    {0x00D4A,0x00D46,0x00D3E},
    {0x00D4B,0x00D47,0x00D3E},
    {0x00D4C,0x00D46,0x00D57},
    {0x00DDA,0x00DD9,0x00DCA},
    {0x00DDC,0x00DD9,0x00DCF},
    {0x00DDD,0x00DDC,0x00DCA},
    {0x00DDE,0x00DD9,0x00DDF},
    {0x00F43,0x00F42,0x00FB7},
    {0x00F4D,0x00F4C,0x00FB7},
    {0x00F52,0x00F51,0x00FB7},
    {0x00F57,0x00F56,0x00FB7},
    {0x00F5C,0x00F5B,0x00FB7},
    {0x00F69,0x00F40,0x00FB5},
    {0x00F73,0x00F71,0x00F72},
    {0x00F75,0x00F71,0x00F74},
    {0x00F76,0x00FB2,0x00F80},
    {0x00F78,0x00FB3,0x00F80},
    {0x00F81,0x00F71,0x00F80},
    {0x00F93,0x00F92,0x00FB7},
    {0x00F9D,0x00F9C,0x00FB7},
    {0x00FA2,0x00FA1,0x00FB7},
    {0x00FA7,0x00FA6,0x00FB7},
    {0x00FAC,0x00FAB,0x00FB7},
    {0x00FB9,0x00F90,0x00FB5},
    {0x01026,0x01025,0x0102E},
    {0x01B06,0x01B05,0x01B35},
    {0x01B08,0x01B07,0x01B35},
    {0x01B0A,0x01B09,0x01B35},
    {0x01B0C,0x01B0B,0x01B35},
    {0x01B0E,0x01B0D,0x01B35},
    {0x01B12,0x01B11,0x01B35},
    {0x01B3B,0x01B3A,0x01B35},
    {0x01B3D,0x01B3C,0x01B35},
    {0x01B40,0x01B3E,0x01B35},
    {0x01B41,0x01B3F,0x01B35},
    {0x01B43,0x01B42,0x01B35},
    {0x01E00,0x00041,0x00325},
    {0x01E01,0x00061,0x00325},
    {0x01E02,0x00042,0x00307},
    {0x01E03,0x00062,0x00307},
    {0x01E04,0x00042,0x00323},
    {0x01E05,0x00062,0x00323},
    {0x01E06,0x00042,0x00331},
    {0x01E07,0x00062,0x00331},
    {0x01E08,0x000C7,0x00301},
    {0x01E09,0x000E7,0x00301},
    {0x01E0A,0x00044,0x00307},
    {0x01E0B,0x00064,0x00307},
    {0x01E0C,0x00044,0x00323},
    {0x01E0D,0x00064,0x00323},
    {0x01E0E,0x00044,0x00331},
    {0x01E0F,0x00064,0x00331},
    {0x01E10,0x00044,0x00327},
    {0x01E11,0x00064,0x00327},
    {0x01E12,0x00044,0x0032D},
    {0x01E13,0x00064,0x0032D},
    {0x01E14,0x00112,0x00300},
    {0x01E15,0x00113,0x00300},
    {0x01E16,0x00112,0x00301},
    {0x01E17,0x00113,0x00301},
    {0x01E18,0x00045,0x0032D},
    {0x01E19,0x00065,0x0032D},
    {0x01E1A,0x00045,0x00330},
    {0x01E1B,0x00065,0x00330},
    {0x01E1C,0x00228,0x00306},
    {0x01E1D,0x00229,0x00306},
    {0x01E1E,0x00046,0x00307},
    {0x01E1F,0x00066,0x00307},
    {0x01E20,0x00047,0x00304},
    {0x01E21,0x00067,0x00304},
    {0x01E22,0x00048,0x00307},
    {0x01E23,0x00068,0x00307},
    {0x01E24,0x00048,0x00323},
    {0x01E25,0x00068,0x00323},
    {0x01E26,0x00048,0x00308},
    {0x01E27,0x00068,0x00308},
    {0x01E28,0x00048,0x00327},
    {0x01E29,0x00068,0x00327},
    {0x01E2A,0x00048,0x0032E},
    {0x01E2B,0x00068,0x0032E},
    {0x01E2C,0x00049,0x00330},
    {0x01E2D,0x00069,0x00330},
    {0x01E2E,0x000CF,0x00301},
    {0x01E2F,0x000EF,0x00301},
    {0x01E30,0x0004B,0x00301},
    {0x01E31,0x0006B,0x00301},
    {0x01E32,0x0004B,0x00323},
    {0x01E33,0x0006B,0x00323},
    {0x01E34,0x0004B,0x00331},
    {0x01E35,0x0006B,0x00331},
    {0x01E36,0x0004C,0x00323},
    {0x01E37,0x0006C,0x00323},
    {0x01E38,0x01E36,0x00304},
    {0x01E39,0x01E37,0x00304},
    {0x01E3A,0x0004C,0x00331},
    {0x01E3B,0x0006C,0x00331},
    {0x01E3C,0x0004C,0x0032D},
    {0x01E3D,0x0006C,0x0032D},
    {0x01E3E,0x0004D,0x00301},
    {0x01E3F,0x0006D,0x00301},
    {0x01E40,0x0004D,0x00307},
    {0x01E41,0x0006D,0x00307},
    {0x01E42,0x0004D,0x00323},
    {0x01E43,0x0006D,0x00323},
    {0x01E44,0x0004E,0x00307},
    {0x01E45,0x0006E,0x00307},
    {0x01E46,0x0004E,0x00323},
    {0x01E47,0x0006E,0x00323},
    {0x01E48,0x0004E,0x00331},
    {0x01E49,0x0006E,0x00331},
    {0x01E4A,0x0004E,0x0032D},
    {0x01E4B,0x0006E,0x0032D},
    {0x01E4C,0x000D5,0x00301},
    {0x01E4D,0x000F5,0x00301},
    {0x01E4E,0x000D5,0x00308},
    {0x01E4F,0x000F5,0x00308},
    {0x01E50,0x0014C,0x00300},
    {0x01E51,0x0014D,0x00300},
    {0x01E52,0x0014C,0x00301},
    {0x01E53,0x0014D,0x00301},
    {0x01E54,0x00050,0x00301},
    {0x01E55,0x00070,0x00301},
    {0x01E56,0x00050,0x00307},
    {0x01E57,0x00070,0x00307},
    {0x01E58,0x00052,0x00307},
    {0x01E59,0x00072,0x00307},
    {0x01E5A,0x00052,0x00323},
    {0x01E5B,0x00072,0x00323},
    {0x01E5C,0x01E5A,0x00304},
    {0x01E5D,0x01E5B,0x00304},
    {0x01E5E,0x00052,0x00331},
    {0x01E5F,0x00072,0x00331},
    {0x01E60,0x00053,0x00307},
    {0x01E61,0x00073,0x00307},
    {0x01E62,0x00053,0x00323},
    {0x01E63,0x00073,0x00323},
    {0x01E64,0x0015A,0x00307},
    {0x01E65,0x0015B,0x00307},
    {0x01E66,0x00160,0x00307},
    {0x01E67,0x00161,0x00307},
    {0x01E68,0x01E62,0x00307},
    {0x01E69,0x01E63,0x00307},
    {0x01E6A,0x00054,0x00307},
    {0x01E6B,0x00074,0x00307},
    {0x01E6C,0x00054,0x00323},
    {0x01E6D,0x00074,0x00323},
    {0x01E6E,0x00054,0x00331},
    {0x01E6F,0x00074,0x00331},
    {0x01E70,0x00054,0x0032D},
    {0x01E71,0x00074,0x0032D},
    {0x01E72,0x00055,0x00324},
    {0x01E73,0x00075,0x00324},
    {0x01E74,0x00055,0x00330},
    {0x01E75,0x00075,0x00330},
    {0x01E76,0x00055,0x0032D},
    {0x01E77,0x00075,0x0032D},
    {0x01E78,0x00168,0x00301},
    {0x01E79,0x00169,0x00301},
    {0x01E7A,0x0016A,0x00308},
    {0x01E7B,0x0016B,0x00308},
    {0x01E7C,0x00056,0x00303},
    {0x01E7D,0x00076,0x00303},
    {0x01E7E,0x00056,0x00323},
    {0x01E7F,0x00076,0x00323},
    {0x01E80,0x00057,0x00300},
    {0x01E81,0x00077,0x00300},
    {0x01E82,0x00057,0x00301},
    {0x01E83,0x00077,0x00301},
    {0x01E84,0x00057,0x00308},
    {0x01E85,0x00077,0x00308},
    {0x01E86,0x00057,0x00307},
    {0x01E87,0x00077,0x00307},
    {0x01E88,0x00057,0x00323},
    {0x01E89,0x00077,0x00323},
    {0x01E8A,0x00058,0x00307},
    {0x01E8B,0x00078,0x00307},
    {0x01E8C,0x00058,0x00308},
    {0x01E8D,0x00078,0x00308},
    {0x01E8E,0x00059,0x00307},
    {0x01E8F,0x00079,0x00307},
    {0x01E90,0x0005A,0x00302},
    {0x01E91,0x0007A,0x00302},
    {0x01E92,0x0005A,0x00323},
    {0x01E93,0x0007A,0x00323},
    {0x01E94,0x0005A,0x00331},
    {0x01E95,0x0007A,0x00331},
    {0x01E96,0x00068,0x00331},
    {0x01E97,0x00074,0x00308},
    {0x01E98,0x00077,0x0030A},
    {0x01E99,0x00079,0x0030A},
    {0x01E9B,0x0017F,0x00307},
    {0x01EA0,0x00041,0x00323},
    {0x01EA1,0x00061,0x00323},
    {0x01EA2,0x00041,0x00309},
    {0x01EA3,0x00061,0x00309},
    {0x01EA4,0x000C2,0x00301},
    {0x01EA5,0x000E2,0x00301},
    {0x01EA6,0x000C2,0x00300},
    {0x01EA7,0x000E2,0x00300},
    {0x01EA8,0x000C2,0x00309},
    {0x01EA9,0x000E2,0x00309},
    {0x01EAA,0x000C2,0x00303},
    {0x01EAB,0x000E2,0x00303},
    {0x01EAC,0x01EA0,0x00302},
    {0x01EAD,0x01EA1,0x00302},
    {0x01EAE,0x00102,0x00301},
    {0x01EAF,0x00103,0x00301},
    {0x01EB0,0x00102,0x00300},
    {0x01EB1,0x00103,0x00300},
    {0x01EB2,0x00102,0x00309},
    {0x01EB3,0x00103,0x00309},
    {0x01EB4,0x00102,0x00303},
    {0x01EB5,0x00103,0x00303},
    {0x01EB6,0x01EA0,0x00306},
    {0x01EB7,0x01EA1,0x00306},
    {0x01EB8,0x00045,0x00323},
    {0x01EB9,0x00065,0x00323},
    {0x01EBA,0x00045,0x00309},
    {0x01EBB,0x00065,0x00309},
    {0x01EBC,0x00045,0x00303},
    {0x01EBD,0x00065,0x00303},
    {0x01EBE,0x000CA,0x00301},
    {0x01EBF,0x000EA,0x00301},
    {0x01EC0,0x000CA,0x00300},
    {0x01EC1,0x000EA,0x00300},
    {0x01EC2,0x000CA,0x00309},
    {0x01EC3,0x000EA,0x00309},
    {0x01EC4,0x000CA,0x00303},
    {0x01EC5,0x000EA,0x00303},
    {0x01EC6,0x01EB8,0x00302},
    {0x01EC7,0x01EB9,0x00302},
    {0x01EC8,0x00049,0x00309},
    {0x01EC9,0x00069,0x00309},
    {0x01ECA,0x00049,0x00323},
    {0x01ECB,0x00069,0x00323},
    {0x01ECC,0x0004F,0x00323},
    {0x01ECD,0x0006F,0x00323},
    {0x01ECE,0x0004F,0x00309},
    {0x01ECF,0x0006F,0x00309},
    {0x01ED0,0x000D4,0x00301},
    {0x01ED1,0x000F4,0x00301},
    {0x01ED2,0x000D4,0x00300},
    {0x01ED3,0x000F4,0x00300},
    {0x01ED4,0x000D4,0x00309},
    {0x01ED5,0x000F4,0x00309},
    {0x01ED6,0x000D4,0x00303},
    {0x01ED7,0x000F4,0x00303},
    {0x01ED8,0x01ECC,0x00302},
    {0x01ED9,0x01ECD,0x00302},
    {0x01EDA,0x001A0,0x00301},
    {0x01EDB,0x001A1,0x00301},
    {0x01EDC,0x001A0,0x00300},
    {0x01EDD,0x001A1,0x00300},
    {0x01EDE,0x001A0,0x00309},
    {0x01EDF,0x001A1,0x00309},
    {0x01EE0,0x001A0,0x00303},
    {0x01EE1,0x001A1,0x00303},
    {0x01EE2,0x001A0,0x00323},
    {0x01EE3,0x001A1,0x00323},
    {0x01EE4,0x00055,0x00323},
    {0x01EE5,0x00075,0x00323},
    {0x01EE6,0x00055,0x00309},
    {0x01EE7,0x00075,0x00309},
    {0x01EE8,0x001AF,0x00301},
    {0x01EE9,0x001B0,0x00301},
    {0x01EEA,0x001AF,0x00300},
    {0x01EEB,0x001B0,0x00300},
    {0x01EEC,0x001AF,0x00309},
    {0x01EED,0x001B0,0x00309},
    {0x01EEE,0x001AF,0x00303},
    {0x01EEF,0x001B0,0x00303},
    {0x01EF0,0x001AF,0x00323},
    {0x01EF1,0x001B0,0x00323},
    {0x01EF2,0x00059,0x00300},
    {0x01EF3,0x00079,0x00300},
    {0x01EF4,0x00059,0x00323},
    {0x01EF5,0x00079,0x00323},
    {0x01EF6,0x00059,0x00309},
    {0x01EF7,0x00079,0x00309},
    {0x01EF8,0x00059,0x00303},
    {0x01EF9,0x00079,0x00303},
    {0x01F00,0x003B1,0x00313},
    {0x01F01,0x003B1,0x00314},
    {0x01F02,0x01F00,0x00300},
    {0x01F03,0x01F01,0x00300},
    {0x01F04,0x01F00,0x00301},
    {0x01F05,0x01F01,0x00301},
    {0x01F06,0x01F00,0x00342},
    {0x01F07,0x01F01,0x00342},
    {0x01F08,0x00391,0x00313},
    {0x01F09,0x00391,0x00314},
    {0x01F0A,0x01F08,0x00300},
    {0x01F0B,0x01F09,0x00300},
    {0x01F0C,0x01F08,0x00301},
    {0x01F0D,0x01F09,0x00301},
    {0x01F0E,0x01F08,0x00342},
    {0x01F0F,0x01F09,0x00342},
    {0x01F10,0x003B5,0x00313},
    {0x01F11,0x003B5,0x00314},
    {0x01F12,0x01F10,0x00300},
    {0x01F13,0x01F11,0x00300},
    {0x01F14,0x01F10,0x00301},
    {0x01F15,0x01F11,0x00301},
    {0x01F18,0x00395,0x00313},
    {0x01F19,0x00395,0x00314},
    {0x01F1A,0x01F18,0x00300},
    {0x01F1B,0x01F19,0x00300},
    {0x01F1C,0x01F18,0x00301},
    {0x01F1D,0x01F19,0x00301},
    {0x01F20,0x003B7,0x00313},
    {0x01F21,0x003B7,0x00314},
    {0x01F22,0x01F20,0x00300},
    {0x01F23,0x01F21,0x00300},
    {0x01F24,0x01F20,0x00301},
    {0x01F25,0x01F21,0x00301},
    {0x01F26,0x01F20,0x00342},
    {0x01F27,0x01F21,0x00342},
    {0x01F28,0x00397,0x00313},
    {0x01F29,0x00397,0x00314},
    {0x01F2A,0x01F28,0x00300},
    {0x01F2B,0x01F29,0x00300},
    {0x01F2C,0x01F28,0x00301},
    {0x01F2D,0x01F29,0x00301},
    {0x01F2E,0x01F28,0x00342},
    {0x01F2F,0x01F29,0x00342},
    {0x01F30,0x003B9,0x00313},
    {0x01F31,0x003B9,0x00314},
    {0x01F32,0x01F30,0x00300},
    {0x01F33,0x01F31,0x00300},
    {0x01F34,0x01F30,0x00301},
    {0x01F35,0x01F31,0x00301},
    {0x01F36,0x01F30,0x00342},
    {0x01F37,0x01F31,0x00342},
    {0x01F38,0x00399,0x00313},
    {0x01F39,0x00399,0x00314},
    {0x01F3A,0x01F38,0x00300},
    {0x01F3B,0x01F39,0x00300},
    {0x01F3C,0x01F38,0x00301},
    {0x01F3D,0x01F39,0x00301},
    {0x01F3E,0x01F38,0x00342},
    {0x01F3F,0x01F39,0x00342},
    {0x01F40,0x003BF,0x00313},
    {0x01F41,0x003BF,0x00314},
    {0x01F42,0x01F40,0x00300},
    {0x01F43,0x01F41,0x00300},
    {0x01F44,0x01F40,0x00301},
    {0x01F45,0x01F41,0x00301},
    {0x01F48,0x0039F,0x00313},
    {0x01F49,0x0039F,0x00314},
    {0x01F4A,0x01F48,0x00300},
    {0x01F4B,0x01F49,0x00300},
    {0x01F4C,0x01F48,0x00301},
    {0x01F4D,0x01F49,0x00301},
    {0x01F50,0x003C5,0x00313},
    {0x01F51,0x003C5,0x00314},
    {0x01F52,0x01F50,0x00300},
    {0x01F53,0x01F51,0x00300},
    {0x01F54,0x01F50,0x00301},
    {0x01F55,0x01F51,0x00301},
    {0x01F56,0x01F50,0x00342},
    {0x01F57,0x01F51,0x00342},
    {0x01F59,0x003A5,0x00314},
    {0x01F5B,0x01F59,0x00300},
    {0x01F5D,0x01F59,0x00301},
    {0x01F5F,0x01F59,0x00342},
    {0x01F60,0x003C9,0x00313},
    {0x01F61,0x003C9,0x00314},
    {0x01F62,0x01F60,0x00300},
    {0x01F63,0x01F61,0x00300},
    {0x01F64,0x01F60,0x00301},
    {0x01F65,0x01F61,0x00301},
    {0x01F66,0x01F60,0x00342},
    {0x01F67,0x01F61,0x00342},
    {0x01F68,0x003A9,0x00313},
    {0x01F69,0x003A9,0x00314},
    {0x01F6A,0x01F68,0x00300},
    {0x01F6B,0x01F69,0x00300},
    {0x01F6C,0x01F68,0x00301},
    {0x01F6D,0x01F69,0x00301},
    {0x01F6E,0x01F68,0x00342},
    {0x01F6F,0x01F69,0x00342},
    {0x01F70,0x003B1,0x00300},
    {0x01F71,0x003AC,0x00000},
    {0x01F72,0x003B5,0x00300},
    {0x01F73,0x003AD,0x00000},
    {0x01F74,0x003B7,0x00300},
    {0x01F75,0x003AE,0x00000},
    {0x01F76,0x003B9,0x00300},
    {0x01F77,0x003AF,0x00000},
    {0x01F78,0x003BF,0x00300},
    {0x01F79,0x003CC,0x00000},
    {0x01F7A,0x003C5,0x00300},
    {0x01F7B,0x003CD,0x00000},
    {0x01F7C,0x003C9,0x00300},
    {0x01F7D,0x003CE,0x00000},
    {0x01F80,0x01F00,0x00345},
    {0x01F81,0x01F01,0x00345},
    {0x01F82,0x01F02,0x00345},
    {0x01F83,0x01F03,0x00345},
    {0x01F84,0x01F04,0x00345},
    {0x01F85,0x01F05,0x00345},
    {0x01F86,0x01F06,0x00345},
    {0x01F87,0x01F07,0x00345},
    {0x01F88,0x01F08,0x00345},
    {0x01F89,0x01F09,0x00345},
    {0x01F8A,0x01F0A,0x00345},
    {0x01F8B,0x01F0B,0x00345},
    {0x01F8C,0x01F0C,0x00345},
    {0x01F8D,0x01F0D,0x00345},
    {0x01F8E,0x01F0E,0x00345},
    {0x01F8F,0x01F0F,0x00345},
    {0x01F90,0x01F20,0x00345},
    {0x01F91,0x01F21,0x00345},
    {0x01F92,0x01F22,0x00345},
    {0x01F93,0x01F23,0x00345},
    {0x01F94,0x01F24,0x00345},
    {0x01F95,0x01F25,0x00345},
    {0x01F96,0x01F26,0x00345},
    {0x01F97,0x01F27,0x00345},
    {0x01F98,0x01F28,0x00345},
    {0x01F99,0x01F29,0x00345},
    {0x01F9A,0x01F2A,0x00345},
    {0x01F9B,0x01F2B,0x00345},
    {0x01F9C,0x01F2C,0x00345},
    {0x01F9D,0x01F2D,0x00345},
    {0x01F9E,0x01F2E,0x00345},
    {0x01F9F,0x01F2F,0x00345},
    {0x01FA0,0x01F60,0x00345},
    {0x01FA1,0x01F61,0x00345},
    {0x01FA2,0x01F62,0x00345},
    {0x01FA3,0x01F63,0x00345},
    {0x01FA4,0x01F64,0x00345},
    {0x01FA5,0x01F65,0x00345},
    {0x01FA6,0x01F66,0x00345},
    {0x01FA7,0x01F67,0x00345},
    {0x01FA8,0x01F68,0x00345},
    {0x01FA9,0x01F69,0x00345},
    {0x01FAA,0x01F6A,0x00345},
    {0x01FAB,0x01F6B,0x00345},
    {0x01FAC,0x01F6C,0x00345},
    {0x01FAD,0x01F6D,0x00345},
    {0x01FAE,0x01F6E,0x00345},
    {0x01FAF,0x01F6F,0x00345},
    {0x01FB0,0x003B1,0x00306},
    {0x01FB1,0x003B1,0x00304},
    {0x01FB2,0x01F70,0x00345},
    {0x01FB3,0x003B1,0x00345},
    {0x01FB4,0x003AC,0x00345},
    {0x01FB6,0x003B1,0x00342},
    {0x01FB7,0x01FB6,0x00345},
    {0x01FB8,0x00391,0x00306},
    {0x01FB9,0x00391,0x00304},
    {0x01FBA,0x00391,0x00300},
    {0x01FBB,0x00386,0x00000},
    {0x01FBC,0x00391,0x00345},
    {0x01FBE,0x003B9,0x00000},
    {0x01FC1,0x000A8,0x00342},
    {0x01FC2,0x01F74,0x00345},
    {0x01FC3,0x003B7,0x00345},
    {0x01FC4,0x003AE,0x00345},
    {0x01FC6,0x003B7,0x00342},
    {0x01FC7,0x01FC6,0x00345},
    {0x01FC8,0x00395,0x00300},
    {0x01FC9,0x00388,0x00000},
    {0x01FCA,0x00397,0x00300},
    {0x01FCB,0x00389,0x00000},
    {0x01FCC,0x00397,0x00345},
    {0x01FCD,0x01FBF,0x00300},
    {0x01FCE,0x01FBF,0x00301},
    {0x01FCF,0x01FBF,0x00342},
    {0x01FD0,0x003B9,0x00306},
    {0x01FD1,0x003B9,0x00304},
    {0x01FD2,0x003CA,0x00300},
    {0x01FD3,0x00390,0x00000},
    {0x01FD6,0x003B9,0x00342},
    {0x01FD7,0x003CA,0x00342},
    {0x01FD8,0x00399,0x00306},
    {0x01FD9,0x00399,0x00304},
    {0x01FDA,0x00399,0x00300},
    {0x01FDB,0x0038A,0x00000},
    {0x01FDD,0x01FFE,0x00300},
    {0x01FDE,0x01FFE,0x00301},
    {0x01FDF,0x01FFE,0x00342},
    {0x01FE0,0x003C5,0x00306},
    {0x01FE1,0x003C5,0x00304},
    {0x01FE2,0x003CB,0x00300},
    {0x01FE3,0x003B0,0x00000},
    {0x01FE4,0x003C1,0x00313},
    {0x01FE5,0x003C1,0x00314},
    {0x01FE6,0x003C5,0x00342},
    {0x01FE7,0x003CB,0x00342},
    {0x01FE8,0x003A5,0x00306},
    {0x01FE9,0x003A5,0x00304},
    {0x01FEA,0x003A5,0x00300},
    {0x01FEB,0x0038E,0x00000},
    {0x01FEC,0x003A1,0x00314},
    {0x01FED,0x000A8,0x00300},
    {0x01FEE,0x00385,0x00000},
    {0x01FEF,0x00060,0x00000},
    {0x01FF2,0x01F7C,0x00345},
    {0x01FF3,0x003C9,0x00345},
    {0x01FF4,0x003CE,0x00345},
    {0x01FF6,0x003C9,0x00342},
    {0x01FF7,0x01FF6,0x00345},
    {0x01FF8,0x0039F,0x00300},
    {0x01FF9,0x0038C,0x00000},
    {0x01FFA,0x003A9,0x00300},
    {0x01FFB,0x0038F,0x00000},
    {0x01FFC,0x003A9,0x00345},
    {0x01FFD,0x000B4,0x00000},
    {0x02000,0x02002,0x00000},
    {0x02001,0x02003,0x00000},
    {0x02126,0x003A9,0x00000},
    {0x0212A,0x0004B,0x00000},
    {0x0212B,0x000C5,0x00000},
    {0x0219A,0x02190,0x00338},
    {0x0219B,0x02192,0x00338},
    {0x021AE,0x02194,0x00338},
    {0x021CD,0x021D0,0x00338},
    {0x021CE,0x021D4,0x00338},
    {0x021CF,0x021D2,0x00338},
    {0x02204,0x02203,0x00338},
    {0x02209,0x02208,0x00338},
    {0x0220C,0x0220B,0x00338},
    {0x02224,0x02223,0x00338},
    {0x02226,0x02225,0x00338},
    {0x02241,0x0223C,0x00338},
    {0x02244,0x02243,0x00338},
    {0x02247,0x02245,0x00338},
    {0x02249,0x02248,0x00338},
    {0x02260,0x0003D,0x00338},
    {0x02262,0x02261,0x00338},
    {0x0226D,0x0224D,0x00338},
    {0x0226E,0x0003C,0x00338},
    {0x0226F,0x0003E,0x00338},
    {0x02270,0x02264,0x00338},
    {0x02271,0x02265,0x00338},
    {0x02274,0x02272,0x00338},
    {0x02275,0x02273,0x00338},
    {0x02278,0x02276,0x00338},
    {0x02279,0x02277,0x00338},
    {0x02280,0x0227A,0x00338},
    {0x02281,0x0227B,0x00338},
    {0x02284,0x02282,0x00338},
    {0x02285,0x02283,0x00338},
    {0x02288,0x02286,0x00338},
    {0x02289,0x02287,0x00338},
    {0x022AC,0x022A2,0x00338},
    {0x022AD,0x022A8,0x00338},
    {0x022AE,0x022A9,0x00338},
    {0x022AF,0x022AB,0x00338},
    {0x022E0,0x0227C,0x00338},
    {0x022E1,0x0227D,0x00338},
    {0x022E2,0x02291,0x00338},
    {0x022E3,0x02292,0x00338},
    {0x022EA,0x022B2,0x00338},
    {0x022EB,0x022B3,0x00338},
    {0x022EC,0x022B4,0x00338},
    {0x022ED,0x022B5,0x00338},
    {0x02329,0x03008,0x00000},
    {0x0232A,0x03009,0x00000},
    {0x02ADC,0x02ADD,0x00338},
    {0x0304C,0x0304B,0x03099},
    {0x0304E,0x0304D,0x03099},
    {0x03050,0x0304F,0x03099},
    {0x03052,0x03051,0x03099},
    {0x03054,0x03053,0x03099},
    {0x03056,0x03055,0x03099},
    {0x03058,0x03057,0x03099},
    {0x0305A,0x03059,0x03099},
    {0x0305C,0x0305B,0x03099},
    {0x0305E,0x0305D,0x03099},
    {0x03060,0x0305F,0x03099},
    {0x03062,0x03061,0x03099},
    {0x03065,0x03064,0x03099},
    {0x03067,0x03066,0x03099},
    {0x03069,0x03068,0x03099},
    {0x03070,0x0306F,0x03099},
    {0x03071,0x0306F,0x0309A},
    {0x03073,0x03072,0x03099},
    {0x03074,0x03072,0x0309A},
    {0x03076,0x03075,0x03099},
    {0x03077,0x03075,0x0309A},
    {0x03079,0x03078,0x03099},
    {0x0307A,0x03078,0x0309A},
    {0x0307C,0x0307B,0x03099},
    {0x0307D,0x0307B,0x0309A},
    {0x03094,0x03046,0x03099},
    {0x0309E,0x0309D,0x03099},
    {0x030AC,0x030AB,0x03099},
    {0x030AE,0x030AD,0x03099},
    {0x030B0,0x030AF,0x03099},
    {0x030B2,0x030B1,0x03099},
    {0x030B4,0x030B3,0x03099},
    {0x030B6,0x030B5,0x03099},
    {0x030B8,0x030B7,0x03099},
    {0x030BA,0x030B9,0x03099},
    {0x030BC,0x030BB,0x03099},
    {0x030BE,0x030BD,0x03099},
    {0x030C0,0x030BF,0x03099},
    {0x030C2,0x030C1,0x03099},
    {0x030C5,0x030C4,0x03099},
    {0x030C7,0x030C6,0x03099},
    {0x030C9,0x030C8,0x03099},
    {0x030D0,0x030CF,0x03099},
    {0x030D1,0x030CF,0x0309A},
    {0x030D3,0x030D2,0x03099},
    {0x030D4,0x030D2,0x0309A},
    {0x030D6,0x030D5,0x03099},
    {0x030D7,0x030D5,0x0309A},
    {0x030D9,0x030D8,0x03099},
    {0x030DA,0x030D8,0x0309A},
    {0x030DC,0x030DB,0x03099},
    {0x030DD,0x030DB,0x0309A},
    {0x030F4,0x030A6,0x03099},
    {0x030F7,0x030EF,0x03099},
    {0x030F8,0x030F0,0x03099},
    {0x030F9,0x030F1,0x03099},
    {0x030FA,0x030F2,0x03099},
    {0x030FE,0x030FD,0x03099},
    {0x0F900,0x08C48,0x00000},
    {0x0F901,0x066F4,0x00000},
    {0x0F902,0x08ECA,0x00000},
    {0x0F903,0x08CC8,0x00000},
    {0x0F904,0x06ED1,0x00000},
    {0x0F905,0x04E32,0x00000},
    {0x0F906,0x053E5,0x00000},
    {0x0F907,0x09F9C,0x00000},
    {0x0F908,0x09F9C,0x00000},
    {0x0F909,0x05951,0x00000},
    {0x0F90A,0x091D1,0x00000},
    {0x0F90B,0x05587,0x00000},
    {0x0F90C,0x05948,0x00000},
    {0x0F90D,0x061F6,0x00000},
    {0x0F90E,0x07669,0x00000},
    {0x0F90F,0x07F85,0x00000},
    {0x0F910,0x0863F,0x00000},
    {0x0F911,0x087BA,0x00000},
    {0x0F912,0x088F8,0x00000},
    {0x0F913,0x0908F,0x00000},
    {0x0F914,0x06A02,0x00000},
    {0x0F915,0x06D1B,0x00000},
    {0x0F916,0x070D9,0x00000},
    {0x0F917,0x073DE,0x00000},
    {0x0F918,0x0843D,0x00000},
    {0x0F919,0x0916A,0x00000},
    {0x0F91A,0x099F1,0x00000},
    {0x0F91B,0x04E82,0x00000},
    {0x0F91C,0x05375,0x00000},
    {0x0F91D,0x06B04,0x00000},
    {0x0F91E,0x0721B,0x00000},
    {0x0F91F,0x0862D,0x00000},
    {0x0F920,0x09E1E,0x00000},
    {0x0F921,0x05D50,0x00000},
    {0x0F922,0x06FEB,0x00000},
    {0x0F923,0x085CD,0x00000},
    {0x0F924,0x08964,0x00000},
    {0x0F925,0x062C9,0x00000},
    {0x0F926,0x081D8,0x00000},
    {0x0F927,0x0881F,0x00000},
    {0x0F928,0x05ECA,0x00000},
    {0x0F929,0x06717,0x00000},
    {0x0F92A,0x06D6A,0x00000},
    {0x0F92B,0x072FC,0x00000},
    {0x0F92C,0x090CE,0x00000},
    {0x0F92D,0x04F86,0x00000},
    {0x0F92E,0x051B7,0x00000},
    {0x0F92F,0x052DE,0x00000},
    {0x0F930,0x064C4,0x00000},
    {0x0F931,0x06AD3,0x00000},
    {0x0F932,0x07210,0x00000},
    {0x0F933,0x076E7,0x00000},
    {0x0F934,0x08001,0x00000},
    {0x0F935,0x08606,0x00000},
    {0x0F936,0x0865C,0x00000},
    {0x0F937,0x08DEF,0x00000},
    {0x0F938,0x09732,0x00000},
    {0x0F939,0x09B6F,0x00000},
    {0x0F93A,0x09DFA,0x00000},
    {0x0F93B,0x0788C,0x00000},
    {0x0F93C,0x0797F,0x00000},
    {0x0F93D,0x07DA0,0x00000},
    {0x0F93E,0x083C9,0x00000},
    {0x0F93F,0x09304,0x00000},
    {0x0F940,0x09E7F,0x00000},
    {0x0F941,0x08AD6,0x00000},
    {0x0F942,0x058DF,0x00000},
    {0x0F943,0x05F04,0x00000},
    {0x0F944,0x07C60,0x00000},
    {0x0F945,0x0807E,0x00000},
    {0x0F946,0x07262,0x00000},
    {0x0F947,0x078CA,0x00000},
    {0x0F948,0x08CC2,0x00000},
    {0x0F949,0x096F7,0x00000},
    {0x0F94A,0x058D8,0x00000},
    {0x0F94B,0x05C62,0x00000},
    {0x0F94C,0x06A13,0x00000},
    {0x0F94D,0x06DDA,0x00000},
    {0x0F94E,0x06F0F,0x00000},
    {0x0F94F,0x07D2F,0x00000},
    {0x0F950,0x07E37,0x00000},
    {0x0F951,0x0964B,0x00000},
    {0x0F952,0x052D2,0x00000},
    {0x0F953,0x0808B,0x00000},
    {0x0F954,0x051DC,0x00000},
    {0x0F955,0x051CC,0x00000},
    {0x0F956,0x07A1C,0x00000},
    {0x0F957,0x07DBE,0x00000},
    {0x0F958,0x083F1,0x00000},
    {0x0F959,0x09675,0x00000},
    {0x0F95A,0x08B80,0x00000},
    {0x0F95B,0x062CF,0x00000},
    {0x0F95C,0x06A02,0x00000},
    {0x0F95D,0x08AFE,0x00000},
    {0x0F95E,0x04E39,0x00000},
    {0x0F95F,0x05BE7,0x00000},
    {0x0F960,0x06012,0x00000},
    {0x0F961,0x07387,0x00000},
    {0x0F962,0x07570,0x00000},
    {0x0F963,0x05317,0x00000},
    {0x0F964,0x078FB,0x00000},
    {0x0F965,0x04FBF,0x00000},
    {0x0F966,0x05FA9,0x00000},
    {0x0F967,0x04E0D,0x00000},
    {0x0F968,0x06CCC,0x00000},
    {0x0F969,0x06578,0x00000},
    {0x0F96A,0x07D22,0x00000},
    {0x0F96B,0x053C3,0x00000},
    {0x0F96C,0x0585E,0x00000},
    {0x0F96D,0x07701,0x00000},
    {0x0F96E,0x08449,0x00000},
    {0x0F96F,0x08AAA,0x00000},
    {0x0F970,0x06BBA,0x00000},
    {0x0F971,0x08FB0,0x00000},
    {0x0F972,0x06C88,0x00000},
    {0x0F973,0x062FE,0x00000},
    {0x0F974,0x082E5,0x00000},
    {0x0F975,0x063A0,0x00000},
    {0x0F976,0x07565,0x00000},
    {0x0F977,0x04EAE,0x00000},
    {0x0F978,0x05169,0x00000},
    {0x0F979,0x051C9,0x00000},
    {0x0F97A,0x06881,0x00000},
    {0x0F97B,0x07CE7,0x00000},
    {0x0F97C,0x0826F,0x00000},
    {0x0F97D,0x08AD2,0x00000},
    {0x0F97E,0x091CF,0x00000},
    {0x0F97F,0x052F5,0x00000},
    {0x0F980,0x05442,0x00000},
    {0x0F981,0x05973,0x00000},
    {0x0F982,0x05EEC,0x00000},
    {0x0F983,0x065C5,0x00000},
    {0x0F984,0x06FFE,0x00000},
    {0x0F985,0x0792A,0x00000},
    {0x0F986,0x095AD,0x00000},
    {0x0F987,0x09A6A,0x00000},
    {0x0F988,0x09E97,0x00000},
    {0x0F989,0x09ECE,0x00000},
    {0x0F98A,0x0529B,0x00000},
    {0x0F98B,0x066C6,0x00000},
    {0x0F98C,0x06B77,0x00000},
    {0x0F98D,0x08F62,0x00000},
    {0x0F98E,0x05E74,0x00000},
    {0x0F98F,0x06190,0x00000},
    {0x0F990,0x06200,0x00000},
    {0x0F991,0x0649A,0x00000},
    {0x0F992,0x06F23,0x00000},
    {0x0F993,0x07149,0x00000},
    {0x0F994,0x07489,0x00000},
    {0x0F995,0x079CA,0x00000},
    {0x0F996,0x07DF4,0x00000},
    {0x0F997,0x0806F,0x00000},
    {0x0F998,0x08F26,0x00000},
    {0x0F999,0x084EE,0x00000},
    {0x0F99A,0x09023,0x00000},
    {0x0F99B,0x0934A,0x00000},
    {0x0F99C,0x05217,0x00000},
    {0x0F99D,0x052A3,0x00000},
    {0x0F99E,0x054BD,0x00000},
    {0x0F99F,0x070C8,0x00000},
    {0x0F9A0,0x088C2,0x00000},
    {0x0F9A1,0x08AAA,0x00000},
    {0x0F9A2,0x05EC9,0x00000},
    {0x0F9A3,0x05FF5,0x00000},
    {0x0F9A4,0x0637B,0x00000},
    {0x0F9A5,0x06BAE,0x00000},
    {0x0F9A6,0x07C3E,0x00000},
    {0x0F9A7,0x07375,0x00000},
    {0x0F9A8,0x04EE4,0x00000},
    {0x0F9A9,0x056F9,0x00000},
    {0x0F9AA,0x05BE7,0x00000},
    {0x0F9AB,0x05DBA,0x00000},
    {0x0F9AC,0x0601C,0x00000},
    {0x0F9AD,0x073B2,0x00000},
    {0x0F9AE,0x07469,0x00000},
    {0x0F9AF,0x07F9A,0x00000},
    {0x0F9B0,0x08046,0x00000},
    {0x0F9B1,0x09234,0x00000},
    {0x0F9B2,0x096F6,0x00000},
    {0x0F9B3,0x09748,0x00000},
    {0x0F9B4,0x09818,0x00000},
    {0x0F9B5,0x04F8B,0x00000},
    {0x0F9B6,0x079AE,0x00000},
    {0x0F9B7,0x091B4,0x00000},
    {0x0F9B8,0x096B8,0x00000},
    {0x0F9B9,0x060E1,0x00000},
    {0x0F9BA,0x04E86,0x00000},
    {0x0F9BB,0x050DA,0x00000},
    {0x0F9BC,0x05BEE,0x00000},
    {0x0F9BD,0x05C3F,0x00000},
    {0x0F9BE,0x06599,0x00000},
    {0x0F9BF,0x06A02,0x00000},
    {0x0F9C0,0x071CE,0x00000},
    {0x0F9C1,0x07642,0x00000},
    {0x0F9C2,0x084FC,0x00000},
    {0x0F9C3,0x0907C,0x00000},
    {0x0F9C4,0x09F8D,0x00000},
    {0x0F9C5,0x06688,0x00000},
    {0x0F9C6,0x0962E,0x00000},
    {0x0F9C7,0x05289,0x00000},
    {0x0F9C8,0x0677B,0x00000},
    {0x0F9C9,0x067F3,0x00000},
    {0x0F9CA,0x06D41,0x00000},
    {0x0F9CB,0x06E9C,0x00000},
    {0x0F9CC,0x07409,0x00000},
    {0x0F9CD,0x07559,0x00000},
    {0x0F9CE,0x0786B,0x00000},
    {0x0F9CF,0x07D10,0x00000},
    {0x0F9D0,0x0985E,0x00000},
    {0x0F9D1,0x0516D,0x00000},
    {0x0F9D2,0x0622E,0x00000},
    {0x0F9D3,0x09678,0x00000},
    {0x0F9D4,0x0502B,0x00000},
    {0x0F9D5,0x05D19,0x00000},
    {0x0F9D6,0x06DEA,0x00000},
    {0x0F9D7,0x08F2A,0x00000},
    {0x0F9D8,0x05F8B,0x00000},
    {0x0F9D9,0x06144,0x00000},
    {0x0F9DA,0x06817,0x00000},
    {0x0F9DB,0x07387,0x00000},
    {0x0F9DC,0x09686,0x00000},
    {0x0F9DD,0x05229,0x00000},
    {0x0F9DE,0x0540F,0x00000},
    {0x0F9DF,0x05C65,0x00000},
    {0x0F9E0,0x06613,0x00000},
    {0x0F9E1,0x0674E,0x00000},
    {0x0F9E2,0x068A8,0x00000},
    {0x0F9E3,0x06CE5,0x00000},
    {0x0F9E4,0x07406,0x00000},
    {0x0F9E5,0x075E2,0x00000},
    {0x0F9E6,0x07F79,0x00000},
    {0x0F9E7,0x088CF,0x00000},
    {0x0F9E8,0x088E1,0x00000},
    {0x0F9E9,0x091CC,0x00000},
    {0x0F9EA,0x096E2,0x00000},
    {0x0F9EB,0x0533F,0x00000},
    {0x0F9EC,0x06EBA,0x00000},
    {0x0F9ED,0x0541D,0x00000},
    {0x0F9EE,0x071D0,0x00000},
    {0x0F9EF,0x07498,0x00000},
    {0x0F9F0,0x085FA,0x00000},
    {0x0F9F1,0x096A3,0x00000},
    {0x0F9F2,0x09C57,0x00000},
    {0x0F9F3,0x09E9F,0x00000},
    {0x0F9F4,0x06797,0x00000},
    {0x0F9F5,0x06DCB,0x00000},
    {0x0F9F6,0x081E8,0x00000},
    {0x0F9F7,0x07ACB,0x00000},
    {0x0F9F8,0x07B20,0x00000},
    {0x0F9F9,0x07C92,0x00000},
    {0x0F9FA,0x072C0,0x00000},
    {0x0F9FB,0x07099,0x00000},
    {0x0F9FC,0x08B58,0x00000},
    {0x0F9FD,0x04EC0,0x00000},
    {0x0F9FE,0x08336,0x00000},
    {0x0F9FF,0x0523A,0x00000},
    {0x0FA00,0x05207,0x00000},
    {0x0FA01,0x05EA6,0x00000},
    {0x0FA02,0x062D3,0x00000},
    {0x0FA03,0x07CD6,0x00000},
    {0x0FA04,0x05B85,0x00000},
    {0x0FA05,0x06D1E,0x00000},
    {0x0FA06,0x066B4,0x00000},
    {0x0FA07,0x08F3B,0x00000},
    {0x0FA08,0x0884C,0x00000},
    {0x0FA09,0x0964D,0x00000},
    {0x0FA0A,0x0898B,0x00000},
    {0x0FA0B,0x05ED3,0x00000},
    {0x0FA0C,0x05140,0x00000},
    {0x0FA0D,0x055C0,0x00000},
    {0x0FA10,0x0585A,0x00000},
    {0x0FA12,0x06674,0x00000},
    {0x0FA15,0x051DE,0x00000},
    {0x0FA16,0x0732A,0x00000},
    {0x0FA17,0x076CA,0x00000},
    {0x0FA18,0x0793C,0x00000},
    {0x0FA19,0x0795E,0x00000},
    {0x0FA1A,0x07965,0x00000},
    {0x0FA1B,0x0798F,0x00000},
    {0x0FA1C,0x09756,0x00000},
    {0x0FA1D,0x07CBE,0x00000},
    {0x0FA1E,0x07FBD,0x00000},
    {0x0FA20,0x08612,0x00000},
    {0x0FA22,0x08AF8,0x00000},
    {0x0FA25,0x09038,0x00000},
    {0x0FA26,0x090FD,0x00000},
    {0x0FA2A,0x098EF,0x00000},
    {0x0FA2B,0x098FC,0x00000},
    {0x0FA2C,0x09928,0x00000},
    {0x0FA2D,0x09DB4,0x00000},
    {0x0FA2E,0x090DE,0x00000},
    {0x0FA2F,0x096B7,0x00000},
    {0x0FA30,0x04FAE,0x00000},
    {0x0FA31,0x050E7,0x00000},
    {0x0FA32,0x0514D,0x00000},
    {0x0FA33,0x052C9,0x00000},
    {0x0FA34,0x052E4,0x00000},
    {0x0FA35,0x05351,0x00000},
    {0x0FA36,0x0559D,0x00000},
    {0x0FA37,0x05606,0x00000},
    {0x0FA38,0x05668,0x00000},
    {0x0FA39,0x05840,0x00000},
    {0x0FA3A,0x058A8,0x00000},
    {0x0FA3B,0x05C64,0x00000},
    {0x0FA3C,0x05C6E,0x00000},
    {0x0FA3D,0x06094,0x00000},
    {0x0FA3E,0x06168,0x00000},
    {0x0FA3F,0x0618E,0x00000},
    {0x0FA40,0x061F2,0x00000},
    {0x0FA41,0x0654F,0x00000},
    {0x0FA42,0x065E2,0x00000},
    {0x0FA43,0x06691,0x00000},
    {0x0FA44,0x06885,0x00000},
    {0x0FA45,0x06D77,0x00000},
    {0x0FA46,0x06E1A,0x00000},
    {0x0FA47,0x06F22,0x00000},
    {0x0FA48,0x0716E,0x00000},
    {0x0FA49,0x0722B,0x00000},
    {0x0FA4A,0x07422,0x00000},
    {0x0FA4B,0x07891,0x00000},
    {0x0FA4C,0x0793E,0x00000},
    {0x0FA4D,0x07949,0x00000},
    {0x0FA4E,0x07948,0x00000},
    {0x0FA4F,0x07950,0x00000},
    {0x0FA50,0x07956,0x00000},
    {0x0FA51,0x0795D,0x00000},
    {0x0FA52,0x0798D,0x00000},
    {0x0FA53,0x0798E,0x00000},
    {0x0FA54,0x07A40,0x00000},
    {0x0FA55,0x07A81,0x00000},
    {0x0FA56,0x07BC0,0x00000},
    {0x0FA57,0x07DF4,0x00000},
    {0x0FA58,0x07E09,0x00000},
    {0x0FA59,0x07E41,0x00000},
    {0x0FA5A,0x07F72,0x00000},
    {0x0FA5B,0x08005,0x00000},
    {0x0FA5C,0x081ED,0x00000},
    {0x0FA5D,0x08279,0x00000},
    {0x0FA5E,0x08279,0x00000},
    {0x0FA5F,0x08457,0x00000},
    {0x0FA60,0x08910,0x00000},
    {0x0FA61,0x08996,0x00000},
    {0x0FA62,0x08B01,0x00000},
    {0x0FA63,0x08B39,0x00000},
    {0x0FA64,0x08CD3,0x00000},
    {0x0FA65,0x08D08,0x00000},
    {0x0FA66,0x08FB6,0x00000},
    {0x0FA67,0x09038,0x00000},
    {0x0FA68,0x096E3,0x00000},
    {0x0FA69,0x097FF,0x00000},
    {0x0FA6A,0x0983B,0x00000},
    {0x0FA6B,0x06075,0x00000},
    {0x0FA6C,0x242EE,0x00000},
    {0x0FA6D,0x08218,0x00000},
    {0x0FA70,0x04E26,0x00000},
    {0x0FA71,0x051B5,0x00000},
    {0x0FA72,0x05168,0x00000},
    {0x0FA73,0x04F80,0x00000},
    {0x0FA74,0x05145,0x00000},
    {0x0FA75,0x05180,0x00000},
    {0x0FA76,0x052C7,0x00000},
    {0x0FA77,0x052FA,0x00000},
    {0x0FA78,0x0559D,0x00000},
    {0x0FA79,0x05555,0x00000},
    {0x0FA7A,0x05599,0x00000},
    {0x0FA7B,0x055E2,0x00000},
    {0x0FA7C,0x0585A,0x00000},
    {0x0FA7D,0x058B3,0x00000},
    {0x0FA7E,0x05944,0x00000},
    {0x0FA7F,0x05954,0x00000},
    {0x0FA80,0x05A62,0x00000},
    {0x0FA81,0x05B28,0x00000},
    {0x0FA82,0x05ED2,0x00000},
    {0x0FA83,0x05ED9,0x00000},
    {0x0FA84,0x05F69,0x00000},
    {0x0FA85,0x05FAD,0x00000},
    {0x0FA86,0x060D8,0x00000},
    {0x0FA87,0x0614E,0x00000},
    {0x0FA88,0x06108,0x00000},
    {0x0FA89,0x0618E,0x00000},
    {0x0FA8A,0x06160,0x00000},
    {0x0FA8B,0x061F2,0x00000},
    {0x0FA8C,0x06234,0x00000},
    {0x0FA8D,0x063C4,0x00000},
    {0x0FA8E,0x0641C,0x00000},
    {0x0FA8F,0x06452,0x00000},
    {0x0FA90,0x06556,0x00000},
    {0x0FA91,0x06674,0x00000},
    {0x0FA92,0x06717,0x00000},
    {0x0FA93,0x0671B,0x00000},
    {0x0FA94,0x06756,0x00000},
    {0x0FA95,0x06B79,0x00000},
    {0x0FA96,0x06BBA,0x00000},
    {0x0FA97,0x06D41,0x00000},
    {0x0FA98,0x06EDB,0x00000},
    {0x0FA99,0x06ECB,0x00000},
    {0x0FA9A,0x06F22,0x00000},
    {0x0FA9B,0x0701E,0x00000},
    {0x0FA9C,0x0716E,0x00000},
    {0x0FA9D,0x077A7,0x00000},
    {0x0FA9E,0x07235,0x00000},
    {0x0FA9F,0x072AF,0x00000},
    {0x0FAA0,0x0732A,0x00000},
    {0x0FAA1,0x07471,0x00000},
    {0x0FAA2,0x07506,0x00000},
    {0x0FAA3,0x0753B,0x00000},
    {0x0FAA4,0x0761D,0x00000},
    {0x0FAA5,0x0761F,0x00000},
    {0x0FAA6,0x076CA,0x00000},
    {0x0FAA7,0x076DB,0x00000},
    {0x0FAA8,0x076F4,0x00000},
    {0x0FAA9,0x0774A,0x00000},
    {0x0FAAA,0x07740,0x00000},
    {0x0FAAB,0x078CC,0x00000},
    {0x0FAAC,0x07AB1,0x00000},
    {0x0FAAD,0x07BC0,0x00000},
    {0x0FAAE,0x07C7B,0x00000},
    {0x0FAAF,0x07D5B,0x00000},
    {0x0FAB0,0x07DF4,0x00000},
    {0x0FAB1,0x07F3E,0x00000},
    {0x0FAB2,0x08005,0x00000},
    {0x0FAB3,0x08352,0x00000},
    {0x0FAB4,0x083EF,0x00000},
    {0x0FAB5,0x08779,0x00000},
    {0x0FAB6,0x08941,0x00000},
    {0x0FAB7,0x08986,0x00000},
    {0x0FAB8,0x08996,0x00000},
    {0x0FAB9,0x08ABF,0x00000},
    {0x0FABA,0x08AF8,0x00000},
    {0x0FABB,0x08ACB,0x00000},
    {0x0FABC,0x08B01,0x00000},
    {0x0FABD,0x08AFE,0x00000},
    {0x0FABE,0x08AED,0x00000},
    {0x0FABF,0x08B39,0x00000},
    {0x0FAC0,0x08B8A,0x00000},
    {0x0FAC1,0x08D08,0x00000},
    {0x0FAC2,0x08F38,0x00000},
    {0x0FAC3,0x09072,0x00000},
    {0x0FAC4,0x09199,0x00000},
    {0x0FAC5,0x09276,0x00000},
    {0x0FAC6,0x0967C,0x00000},
    {0x0FAC7,0x096E3,0x00000},
    {0x0FAC8,0x09756,0x00000},
    {0x0FAC9,0x097DB,0x00000},
    {0x0FACA,0x097FF,0x00000},
    {0x0FACB,0x0980B,0x00000},
    {0x0FACC,0x0983B,0x00000},
    {0x0FACD,0x09B12,0x00000},
    {0x0FACE,0x09F9C,0x00000},
    {0x0FACF,0x2284A,0x00000},
    {0x0FAD0,0x22844,0x00000},
    {0x0FAD1,0x233D5,0x00000},
    {0x0FAD2,0x03B9D,0x00000},
    {0x0FAD3,0x04018,0x00000},
    {0x0FAD4,0x04039,0x00000},
    {0x0FAD5,0x25249,0x00000},
    {0x0FAD6,0x25CD0,0x00000},
    {0x0FAD7,0x27ED3,0x00000},
    {0x0FAD8,0x09F43,0x00000},
    {0x0FAD9,0x09F8E,0x00000},
    {0x0FB1D,0x005D9,0x005B4},
    {0x0FB1F,0x005F2,0x005B7},
    {0x0FB2A,0x005E9,0x005C1},
    {0x0FB2B,0x005E9,0x005C2},
    {0x0FB2C,0x0FB49,0x005C1},
    {0x0FB2D,0x0FB49,0x005C2},
    {0x0FB2E,0x005D0,0x005B7},
    {0x0FB2F,0x005D0,0x005B8},
    {0x0FB30,0x005D0,0x005BC},
    {0x0FB31,0x005D1,0x005BC},
    {0x0FB32,0x005D2,0x005BC},
    {0x0FB33,0x005D3,0x005BC},
    {0x0FB34,0x005D4,0x005BC},
    {0x0FB35,0x005D5,0x005BC},
    {0x0FB36,0x005D6,0x005BC},
    {0x0FB38,0x005D8,0x005BC},
    {0x0FB39,0x005D9,0x005BC},
    {0x0FB3A,0x005DA,0x005BC},
    {0x0FB3B,0x005DB,0x005BC},
    {0x0FB3C,0x005DC,0x005BC},
    {0x0FB3E,0x005DE,0x005BC},
    {0x0FB40,0x005E0,0x005BC},
    {0x0FB41,0x005E1,0x005BC},
    {0x0FB43,0x005E3,0x005BC},
    {0x0FB44,0x005E4,0x005BC},
    {0x0FB46,0x005E6,0x005BC},
    {0x0FB47,0x005E7,0x005BC},
    {0x0FB48,0x005E8,0x005BC},
    {0x0FB49,0x005E9,0x005BC},
    {0x0FB4A,0x005EA,0x005BC},
    {0x0FB4B,0x005D5,0x005B9},
    {0x0FB4C,0x005D1,0x005BF},
    {0x0FB4D,0x005DB,0x005BF},
    {0x0FB4E,0x005E4,0x005BF},
    {0x105C9,0x105D2,0x00307},
    {0x105E4,0x105DA,0x00307},
    {0x1109A,0x11099,0x110BA},
    {0x1109C,0x1109B,0x110BA},
    {0x110AB,0x110A5,0x110BA},
    {0x1112E,0x11131,0x11127},
    {0x1112F,0x11132,0x11127},
    {0x1134B,0x11347,0x1133E},
    {0x1134C,0x11347,0x11357},
    {0x11383,0x11382,0x113C9},
    {0x11385,0x11384,0x113BB},
    {0x1138E,0x1138B,0x113C2},
    {0x11391,0x11390,0x113C9},
    {0x113C5,0x113C2,0x113C2},
    {0x113C7,0x113C2,0x113B8},
    {0x113C8,0x113C2,0x113C9},
    {0x114BB,0x114B9,0x114BA},
    {0x114BC,0x114B9,0x114B0},
    {0x114BE,0x114B9,0x114BD},
    {0x115BA,0x115B8,0x115AF},
    {0x115BB,0x115B9,0x115AF},
    {0x11938,0x11935,0x11930},
    {0x16121,0x1611E,0x1611E},
    {0x16122,0x1611E,0x16129},
    {0x16123,0x1611E,0x1611F},
    {0x16124,0x16129,0x1611F},
    {0x16125,0x1611E,0x16120},
    {0x16126,0x16121,0x1611F},
    {0x16127,0x16122,0x1611F},
    {0x16128,0x16121,0x16120},
    {0x16D68,0x16D67,0x16D67},
    {0x16D69,0x16D63,0x16D67},
    {0x16D6A,0x16D69,0x16D67},
    {0x1D15E,0x1D157,0x1D165},
    {0x1D15F,0x1D158,0x1D165},
    {0x1D160,0x1D15F,0x1D16E},
    {0x1D161,0x1D15F,0x1D16F},
    {0x1D162,0x1D15F,0x1D170},
    {0x1D163,0x1D15F,0x1D171},
    {0x1D164,0x1D15F,0x1D172},
    {0x1D1BB,0x1D1B9,0x1D165},
    {0x1D1BC,0x1D1BA,0x1D165},
    {0x1D1BD,0x1D1BB,0x1D16E},
    {0x1D1BE,0x1D1BC,0x1D16E},
    {0x1D1BF,0x1D1BB,0x1D16F},
    {0x1D1C0,0x1D1BC,0x1D16F},
    {0x2F800,0x04E3D,0x00000},
    {0x2F801,0x04E38,0x00000},
    {0x2F802,0x04E41,0x00000},
    {0x2F803,0x20122,0x00000},
    {0x2F804,0x04F60,0x00000},
    {0x2F805,0x04FAE,0x00000},
    {0x2F806,0x04FBB,0x00000},
    {0x2F807,0x05002,0x00000},
    {0x2F808,0x0507A,0x00000},
    {0x2F809,0x05099,0x00000},
    {0x2F80A,0x050E7,0x00000},
    {0x2F80B,0x050CF,0x00000},
    {0x2F80C,0x0349E,0x00000},
    {0x2F80D,0x2063A,0x00000},
    {0x2F80E,0x0514D,0x00000},
    {0x2F80F,0x05154,0x00000},
    {0x2F810,0x05164,0x00000},
    {0x2F811,0x05177,0x00000},
    {0x2F812,0x2051C,0x00000},
    {0x2F813,0x034B9,0x00000},
    {0x2F814,0x05167,0x00000},
    {0x2F815,0x0518D,0x00000},
    {0x2F816,0x2054B,0x00000},
    {0x2F817,0x05197,0x00000},
    {0x2F818,0x051A4,0x00000},
    {0x2F819,0x04ECC,0x00000},
    {0x2F81A,0x051AC,0x00000},
    {0x2F81B,0x051B5,0x00000},
    {0x2F81C,0x291DF,0x00000},
    {0x2F81D,0x051F5,0x00000},
    {0x2F81E,0x05203,0x00000},
    {0x2F81F,0x034DF,0x00000},
    {0x2F820,0x0523B,0x00000},
    {0x2F821,0x05246,0x00000},
    {0x2F822,0x05272,0x00000},
    {0x2F823,0x05277,0x00000},
    {0x2F824,0x03515,0x00000},
    {0x2F825,0x052C7,0x00000},
    {0x2F826,0x052C9,0x00000},
    {0x2F827,0x052E4,0x00000},
    {0x2F828,0x052FA,0x00000},
    {0x2F829,0x05305,0x00000},
    {0x2F82A,0x05306,0x00000},
    {0x2F82B,0x05317,0x00000},
    {0x2F82C,0x05349,0x00000},
    {0x2F82D,0x05351,0x00000},
    {0x2F82E,0x0535A,0x00000},
    {0x2F82F,0x05373,0x00000},
    {0x2F830,0x0537D,0x00000},
    {0x2F831,0x0537F,0x00000},
    {0x2F832,0x0537F,0x00000},
    {0x2F833,0x0537F,0x00000},
    {0x2F834,0x20A2C,0x00000},
    {0x2F835,0x07070,0x00000},
    {0x2F836,0x053CA,0x00000},
    {0x2F837,0x053DF,0x00000},
    {0x2F838,0x20B63,0x00000},
    {0x2F839,0x053EB,0x00000},
    {0x2F83A,0x053F1,0x00000},
    {0x2F83B,0x05406,0x00000},
    {0x2F83C,0x0549E,0x00000},
    {0x2F83D,0x05438,0x00000},
    {0x2F83E,0x05448,0x00000},
    {0x2F83F,0x05468,0x00000},
    {0x2F840,0x054A2,0x00000},
    {0x2F841,0x054F6,0x00000},
    {0x2F842,0x05510,0x00000},
    {0x2F843,0x05553,0x00000},
    {0x2F844,0x05563,0x00000},
    {0x2F845,0x05584,0x00000},
    {0x2F846,0x05584,0x00000},
    {0x2F847,0x05599,0x00000},
    {0x2F848,0x055AB,0x00000},
    {0x2F849,0x055B3,0x00000},
    {0x2F84A,0x055C2,0x00000},
    {0x2F84B,0x05716,0x00000},
    {0x2F84C,0x05606,0x00000},
    {0x2F84D,0x05717,0x00000},
    {0x2F84E,0x05651,0x00000},
    {0x2F84F,0x05674,0x00000},
    {0x2F850,0x05207,0x00000},
    {0x2F851,0x058EE,0x00000},
    {0x2F852,0x057CE,0x00000},
    {0x2F853,0x057F4,0x00000},
    {0x2F854,0x0580D,0x00000},
    {0x2F855,0x0578B,0x00000},
    {0x2F856,0x05832,0x00000},
    {0x2F857,0x05831,0x00000},
    {0x2F858,0x058AC,0x00000},
    {0x2F859,0x214E4,0x00000},
    {0x2F85A,0x058F2,0x00000},
    {0x2F85B,0x058F7,0x00000},
    {0x2F85C,0x05906,0x00000},
    {0x2F85D,0x0591A,0x00000},
    {0x2F85E,0x05922,0x00000},
    {0x2F85F,0x05962,0x00000},
    {0x2F860,0x216A8,0x00000},
    {0x2F861,0x216EA,0x00000},
    {0x2F862,0x059EC,0x00000},
    {0x2F863,0x05A1B,0x00000},
    {0x2F864,0x05A27,0x00000},
    {0x2F865,0x059D8,0x00000},
    {0x2F866,0x05A66,0x00000},
    {0x2F867,0x036EE,0x00000},
    {0x2F868,0x036FC,0x00000},
    {0x2F869,0x05B08,0x00000},
    {0x2F86A,0x05B3E,0x00000},
    {0x2F86B,0x05B3E,0x00000},
    {0x2F86C,0x219C8,0x00000},
    {0x2F86D,0x05BC3,0x00000},
    {0x2F86E,0x05BD8,0x00000},
    {0x2F86F,0x05BE7,0x00000},
    {0x2F870,0x05BF3,0x00000},
    {0x2F871,0x21B18,0x00000},
    {0x2F872,0x05BFF,0x00000},
    {0x2F873,0x05C06,0x00000},
    {0x2F874,0x05F53,0x00000},
    {0x2F875,0x05C22,0x00000},
    {0x2F876,0x03781,0x00000},
    {0x2F877,0x05C60,0x00000},
    {0x2F878,0x05C6E,0x00000},
    {0x2F879,0x05CC0,0x00000},
    {0x2F87A,0x05C8D,0x00000},
    {0x2F87B,0x21DE4,0x00000},
    {0x2F87C,0x05D43,0x00000},
    {0x2F87D,0x21DE6,0x00000},
    {0x2F87E,0x05D6E,0x00000},
    {0x2F87F,0x05D6B,0x00000},
    {0x2F880,0x05D7C,0x00000},
    {0x2F881,0x05DE1,0x00000},
    {0x2F882,0x05DE2,0x00000},
    {0x2F883,0x0382F,0x00000},
    {0x2F884,0x05DFD,0x00000},
    {0x2F885,0x05E28,0x00000},
    {0x2F886,0x05E3D,0x00000},
    {0x2F887,0x05E69,0x00000},
    {0x2F888,0x03862,0x00000},
    {0x2F889,0x22183,0x00000},
    {0x2F88A,0x0387C,0x00000},
    {0x2F88B,0x05EB0,0x00000},
    {0x2F88C,0x05EB3,0x00000},
    {0x2F88D,0x05EB6,0x00000},
    {0x2F88E,0x05ECA,0x00000},
    {0x2F88F,0x2A392,0x00000},
    {0x2F890,0x05EFE,0x00000},
    {0x2F891,0x22331,0x00000},
    {0x2F892,0x22331,0x00000},
    {0x2F893,0x08201,0x00000},
    {0x2F894,0x05F22,0x00000},
    {0x2F895,0x05F22,0x00000},
    {0x2F896,0x038C7,0x00000},
    {0x2F897,0x232B8,0x00000},
    {0x2F898,0x261DA,0x00000},
    {0x2F899,0x05F62,0x00000},
    {0x2F89A,0x05F6B,0x00000},
    {0x2F89B,0x038E3,0x00000},
    {0x2F89C,0x05F9A,0x00000},
    {0x2F89D,0x05FCD,0x00000},
    {0x2F89E,0x05FD7,0x00000},
    {0x2F89F,0x05FF9,0x00000},
    {0x2F8A0,0x06081,0x00000},
    {0x2F8A1,0x0393A,0x00000},
    {0x2F8A2,0x0391C,0x00000},
    {0x2F8A3,0x06094,0x00000},
    {0x2F8A4,0x226D4,0x00000},
    {0x2F8A5,0x060C7,0x00000},
    {0x2F8A6,0x06148,0x00000},
    {0x2F8A7,0x0614C,0x00000},
    {0x2F8A8,0x0614E,0x00000},
    {0x2F8A9,0x0614C,0x00000},
    {0x2F8AA,0x0617A,0x00000},
    {0x2F8AB,0x0618E,0x00000},
    {0x2F8AC,0x061B2,0x00000},
    {0x2F8AD,0x061A4,0x00000},
    {0x2F8AE,0x061AF,0x00000},
    {0x2F8AF,0x061DE,0x00000},
    {0x2F8B0,0x061F2,0x00000},
    {0x2F8B1,0x061F6,0x00000},
    {0x2F8B2,0x06210,0x00000},
    {0x2F8B3,0x0621B,0x00000},
    {0x2F8B4,0x0625D,0x00000},
    {0x2F8B5,0x062B1,0x00000},
    {0x2F8B6,0x062D4,0x00000},
    {0x2F8B7,0x06350,0x00000},
    {0x2F8B8,0x22B0C,0x00000},
    {0x2F8B9,0x0633D,0x00000},
    {0x2F8BA,0x062FC,0x00000},
    {0x2F8BB,0x06368,0x00000},
    {0x2F8BC,0x06383,0x00000},
    {0x2F8BD,0x063E4,0x00000},
    {0x2F8BE,0x22BF1,0x00000},
    {0x2F8BF,0x06422,0x00000},
    {0x2F8C0,0x063C5,0x00000},
    {0x2F8C1,0x063A9,0x00000},
    {0x2F8C2,0x03A2E,0x00000},
    {0x2F8C3,0x06469,0x00000},
    {0x2F8C4,0x0647E,0x00000},
    {0x2F8C5,0x0649D,0x00000},
    {0x2F8C6,0x06477,0x00000},
    {0x2F8C7,0x03A6C,0x00000},
    {0x2F8C8,0x0654F,0x00000},
    {0x2F8C9,0x0656C,0x00000},
    {0x2F8CA,0x2300A,0x00000},
    {0x2F8CB,0x065E3,0x00000},
    {0x2F8CC,0x066F8,0x00000},
    {0x2F8CD,0x06649,0x00000},
    {0x2F8CE,0x03B19,0x00000},
    {0x2F8CF,0x06691,0x00000},
    {0x2F8D0,0x03B08,0x00000},
    {0x2F8D1,0x03AE4,0x00000},
    {0x2F8D2,0x05192,0x00000},
    {0x2F8D3,0x05195,0x00000},
    {0x2F8D4,0x06700,0x00000},
    {0x2F8D5,0x0669C,0x00000},
    {0x2F8D6,0x080AD,0x00000},
    {0x2F8D7,0x043D9,0x00000},
    {0x2F8D8,0x06717,0x00000},
    {0x2F8D9,0x0671B,0x00000},
    {0x2F8DA,0x06721,0x00000},
    {0x2F8DB,0x0675E,0x00000},
    {0x2F8DC,0x06753,0x00000},
    {0x2F8DD,0x233C3,0x00000},
    {0x2F8DE,0x03B49,0x00000},
    {0x2F8DF,0x067FA,0x00000},
    {0x2F8E0,0x06785,0x00000},
    {0x2F8E1,0x06852,0x00000},
    {0x2F8E2,0x06885,0x00000},
    {0x2F8E3,0x2346D,0x00000},
    {0x2F8E4,0x0688E,0x00000},
    {0x2F8E5,0x0681F,0x00000},
    {0x2F8E6,0x06914,0x00000},
    {0x2F8E7,0x03B9D,0x00000},
    {0x2F8E8,0x06942,0x00000},
    {0x2F8E9,0x069A3,0x00000},
    {0x2F8EA,0x069EA,0x00000},
    {0x2F8EB,0x06AA8,0x00000},
    {0x2F8EC,0x236A3,0x00000},
    {0x2F8ED,0x06ADB,0x00000},
    {0x2F8EE,0x03C18,0x00000},
    {0x2F8EF,0x06B21,0x00000},
    {0x2F8F0,0x238A7,0x00000},
    {0x2F8F1,0x06B54,0x00000},
    {0x2F8F2,0x03C4E,0x00000},
    {0x2F8F3,0x06B72,0x00000},
    {0x2F8F4,0x06B9F,0x00000},
    {0x2F8F5,0x06BBA,0x00000},
    {0x2F8F6,0x06BBB,0x00000},
    {0x2F8F7,0x23A8D,0x00000},
    {0x2F8F8,0x21D0B,0x00000},
    {0x2F8F9,0x23AFA,0x00000},
    {0x2F8FA,0x06C4E,0x00000},
    {0x2F8FB,0x23CBC,0x00000},
    {0x2F8FC,0x06CBF,0x00000},
    {0x2F8FD,0x06CCD,0x00000},
    {0x2F8FE,0x06C67,0x00000},
    {0x2F8FF,0x06D16,0x00000},
    {0x2F900,0x06D3E,0x00000},
    {0x2F901,0x06D77,0x00000},
    {0x2F902,0x06D41,0x00000},
    {0x2F903,0x06D69,0x00000},
    {0x2F904,0x06D78,0x00000},
    {0x2F905,0x06D85,0x00000},
    {0x2F906,0x23D1E,0x00000},
    {0x2F907,0x06D34,0x00000},
    {0x2F908,0x06E2F,0x00000},
    {0x2F909,0x06E6E,0x00000},
    {0x2F90A,0x03D33,0x00000},
    {0x2F90B,0x06ECB,0x00000},
    {0x2F90C,0x06EC7,0x00000},
    {0x2F90D,0x23ED1,0x00000},
    {0x2F90E,0x06DF9,0x00000},
    {0x2F90F,0x06F6E,0x00000},
    {0x2F910,0x23F5E,0x00000},
    {0x2F911,0x23F8E,0x00000},
    {0x2F912,0x06FC6,0x00000},
    {0x2F913,0x07039,0x00000},
    {0x2F914,0x0701E,0x00000},
    {0x2F915,0x0701B,0x00000},
    {0x2F916,0x03D96,0x00000},
    {0x2F917,0x0704A,0x00000},
    {0x2F918,0x0707D,0x00000},
    {0x2F919,0x07077,0x00000},
    {0x2F91A,0x070AD,0x00000},
    {0x2F91B,0x20525,0x00000},
    {0x2F91C,0x07145,0x00000},
    {0x2F91D,0x24263,0x00000},
    {0x2F91E,0x0719C,0x00000},
    {0x2F91F,0x243AB,0x00000},
    {0x2F920,0x07228,0x00000},
    {0x2F921,0x07235,0x00000},
    {0x2F922,0x07250,0x00000},
    {0x2F923,0x24608,0x00000},
    {0x2F924,0x07280,0x00000},
    {0x2F925,0x07295,0x00000},
    {0x2F926,0x24735,0x00000},
    {0x2F927,0x24814,0x00000},
    {0x2F928,0x0737A,0x00000},
    {0x2F929,0x0738B,0x00000},
    {0x2F92A,0x03EAC,0x00000},
    {0x2F92B,0x073A5,0x00000},
    {0x2F92C,0x03EB8,0x00000},
    {0x2F92D,0x03EB8,0x00000},
    {0x2F92E,0x07447,0x00000},
    {0x2F92F,0x0745C,0x00000},
    {0x2F930,0x07471,0x00000},
    {0x2F931,0x07485,0x00000},
    {0x2F932,0x074CA,0x00000},
    {0x2F933,0x03F1B,0x00000},
    {0x2F934,0x07524,0x00000},
    {0x2F935,0x24C36,0x00000},
    {0x2F936,0x0753E,0x00000},
    {0x2F937,0x24C92,0x00000},
    {0x2F938,0x07570,0x00000},
    {0x2F939,0x2219F,0x00000},
    {0x2F93A,0x07610,0x00000},
    {0x2F93B,0x24FA1,0x00000},
    {0x2F93C,0x24FB8,0x00000},
    {0x2F93D,0x25044,0x00000},
    {0x2F93E,0x03FFC,0x00000},
    {0x2F93F,0x04008,0x00000},
    {0x2F940,0x076F4,0x00000},
    {0x2F941,0x250F3,0x00000},
    {0x2F942,0x250F2,0x00000},
    {0x2F943,0x25119,0x00000},
    {0x2F944,0x25133,0x00000},
    {0x2F945,0x0771E,0x00000},
    {0x2F946,0x0771F,0x00000},
    {0x2F947,0x0771F,0x00000},
    {0x2F948,0x0774A,0x00000},
    {0x2F949,0x04039,0x00000},
    {0x2F94A,0x0778B,0x00000},
    {0x2F94B,0x04046,0x00000},
    {0x2F94C,0x04096,0x00000},
    {0x2F94D,0x2541D,0x00000},
    {0x2F94E,0x0784E,0x00000},
    {0x2F94F,0x0788C,0x00000},
    {0x2F950,0x078CC,0x00000},
    {0x2F951,0x040E3,0x00000},
    {0x2F952,0x25626,0x00000},
    {0x2F953,0x07956,0x00000},
    {0x2F954,0x2569A,0x00000},
    {0x2F955,0x256C5,0x00000},
    {0x2F956,0x0798F,0x00000},
    {0x2F957,0x079EB,0x00000},
    {0x2F958,0x0412F,0x00000},
    {0x2F959,0x07A40,0x00000},
    {0x2F95A,0x07A4A,0x00000},
    {0x2F95B,0x07A4F,0x00000},
    {0x2F95C,0x2597C,0x00000},
    {0x2F95D,0x25AA7,0x00000},
    {0x2F95E,0x25AA7,0x00000},
    {0x2F95F,0x07AEE,0x00000},
    {0x2F960,0x04202,0x00000},
    {0x2F961,0x25BAB,0x00000},
    {0x2F962,0x07BC6,0x00000},
    {0x2F963,0x07BC9,0x00000},
    {0x2F964,0x04227,0x00000},
    {0x2F965,0x25C80,0x00000},
    {0x2F966,0x07CD2,0x00000},
    {0x2F967,0x042A0,0x00000},
    {0x2F968,0x07CE8,0x00000},
    {0x2F969,0x07CE3,0x00000},
    {0x2F96A,0x07D00,0x00000},
    {0x2F96B,0x25F86,0x00000},
    {0x2F96C,0x07D63,0x00000},
    {0x2F96D,0x04301,0x00000},
    {0x2F96E,0x07DC7,0x00000},
    {0x2F96F,0x07E02,0x00000},
    {0x2F970,0x07E45,0x00000},
    {0x2F971,0x04334,0x00000},
    {0x2F972,0x26228,0x00000},
    {0x2F973,0x26247,0x00000},
    {0x2F974,0x04359,0x00000},
    {0x2F975,0x262D9,0x00000},
    {0x2F976,0x07F7A,0x00000},
    {0x2F977,0x2633E,0x00000},
    {0x2F978,0x07F95,0x00000},
    {0x2F979,0x07FFA,0x00000},
    {0x2F97A,0x08005,0x00000},
    {0x2F97B,0x264DA,0x00000},
    {0x2F97C,0x26523,0x00000},
    {0x2F97D,0x08060,0x00000},
    {0x2F97E,0x265A8,0x00000},
    {0x2F97F,0x08070,0x00000},
    {0x2F980,0x2335F,0x00000},
    {0x2F981,0x043D5,0x00000},
    {0x2F982,0x080B2,0x00000},
    {0x2F983,0x08103,0x00000},
    {0x2F984,0x0440B,0x00000},
    {0x2F985,0x0813E,0x00000},
    {0x2F986,0x05AB5,0x00000},
    {0x2F987,0x267A7,0x00000},
    {0x2F988,0x267B5,0x00000},
    {0x2F989,0x23393,0x00000},
    {0x2F98A,0x2339C,0x00000},
    {0x2F98B,0x08201,0x00000},
    {0x2F98C,0x08204,0x00000},
    {0x2F98D,0x08F9E,0x00000},
    {0x2F98E,0x0446B,0x00000},
    {0x2F98F,0x08291,0x00000},
    {0x2F990,0x0828B,0x00000},
    {0x2F991,0x0829D,0x00000},
    {0x2F992,0x052B3,0x00000},
    {0x2F993,0x082B1,0x00000},
    {0x2F994,0x082B3,0x00000},
    {0x2F995,0x082BD,0x00000},
    {0x2F996,0x082E6,0x00000},
    {0x2F997,0x26B3C,0x00000},
    {0x2F998,0x082E5,0x00000},
    {0x2F999,0x0831D,0x00000},
    {0x2F99A,0x08363,0x00000},
    {0x2F99B,0x083AD,0x00000},
    {0x2F99C,0x08323,0x00000},
    {0x2F99D,0x083BD,0x00000},
    {0x2F99E,0x083E7,0x00000},
    {0x2F99F,0x08457,0x00000},
    {0x2F9A0,0x08353,0x00000},
    {0x2F9A1,0x083CA,0x00000},
    {0x2F9A2,0x083CC,0x00000},
    {0x2F9A3,0x083DC,0x00000},
    {0x2F9A4,0x26C36,0x00000},
    {0x2F9A5,0x26D6B,0x00000},
    {0x2F9A6,0x26CD5,0x00000},
    {0x2F9A7,0x0452B,0x00000},
    {0x2F9A8,0x084F1,0x00000},
    {0x2F9A9,0x084F3,0x00000},
    {0x2F9AA,0x08516,0x00000},
    {0x2F9AB,0x273CA,0x00000},
    {0x2F9AC,0x08564,0x00000},
    {0x2F9AD,0x26F2C,0x00000},
    {0x2F9AE,0x0455D,0x00000},
    {0x2F9AF,0x04561,0x00000},
    {0x2F9B0,0x26FB1,0x00000},
    {0x2F9B1,0x270D2,0x00000},
    {0x2F9B2,0x0456B,0x00000},
    {0x2F9B3,0x08650,0x00000},
    {0x2F9B4,0x0865C,0x00000},
    {0x2F9B5,0x08667,0x00000},
    {0x2F9B6,0x08669,0x00000},
    {0x2F9B7,0x086A9,0x00000},
    {0x2F9B8,0x08688,0x00000},
    {0x2F9B9,0x0870E,0x00000},
    {0x2F9BA,0x086E2,0x00000},
    {0x2F9BB,0x08779,0x00000},
    {0x2F9BC,0x08728,0x00000},
    {0x2F9BD,0x0876B,0x00000},
    {0x2F9BE,0x08786,0x00000},
    {0x2F9BF,0x045D7,0x00000},
    {0x2F9C0,0x087E1,0x00000},
    {0x2F9C1,0x08801,0x00000},
    {0x2F9C2,0x045F9,0x00000},
    {0x2F9C3,0x08860,0x00000},
    {0x2F9C4,0x08863,0x00000},
    {0x2F9C5,0x27667,0x00000},
    {0x2F9C6,0x088D7,0x00000},
    {0x2F9C7,0x088DE,0x00000},
    {0x2F9C8,0x04635,0x00000},
    {0x2F9C9,0x088FA,0x00000},
    {0x2F9CA,0x034BB,0x00000},
    {0x2F9CB,0x278AE,0x00000},
    {0x2F9CC,0x27966,0x00000},
    {0x2F9CD,0x046BE,0x00000},
    {0x2F9CE,0x046C7,0x00000},
    {0x2F9CF,0x08AA0,0x00000},
    {0x2F9D0,0x08AED,0x00000},
    {0x2F9D1,0x08B8A,0x00000},
    {0x2F9D2,0x08C55,0x00000},
    {0x2F9D3,0x27CA8,0x00000},
    {0x2F9D4,0x08CAB,0x00000},
    {0x2F9D5,0x08CC1,0x00000},
    {0x2F9D6,0x08D1B,0x00000},
    {0x2F9D7,0x08D77,0x00000},
    {0x2F9D8,0x27F2F,0x00000},
    {0x2F9D9,0x20804,0x00000},
    {0x2F9DA,0x08DCB,0x00000},
    {0x2F9DB,0x08DBC,0x00000},
    {0x2F9DC,0x08DF0,0x00000},
    {0x2F9DD,0x208DE,0x00000},
    {0x2F9DE,0x08ED4,0x00000},
    {0x2F9DF,0x08F38,0x00000},
    {0x2F9E0,0x285D2,0x00000},
    {0x2F9E1,0x285ED,0x00000},
    {0x2F9E2,0x09094,0x00000},
    {0x2F9E3,0x090F1,0x00000},
    {0x2F9E4,0x09111,0x00000},
    {0x2F9E5,0x2872E,0x00000},
    {0x2F9E6,0x0911B,0x00000},
    {0x2F9E7,0x09238,0x00000},
    {0x2F9E8,0x092D7,0x00000},
    {0x2F9E9,0x092D8,0x00000},
    {0x2F9EA,0x0927C,0x00000},
    {0x2F9EB,0x093F9,0x00000},
    {0x2F9EC,0x09415,0x00000},
    {0x2F9ED,0x28BFA,0x00000},
    {0x2F9EE,0x0958B,0x00000},
    {0x2F9EF,0x04995,0x00000},
    {0x2F9F0,0x095B7,0x00000},
    {0x2F9F1,0x28D77,0x00000},
    {0x2F9F2,0x049E6,0x00000},
    {0x2F9F3,0x096C3,0x00000},
    {0x2F9F4,0x05DB2,0x00000},
    {0x2F9F5,0x09723,0x00000},
    {0x2F9F6,0x29145,0x00000},
    {0x2F9F7,0x2921A,0x00000},
    {0x2F9F8,0x04A6E,0x00000},
    {0x2F9F9,0x04A76,0x00000},
    {0x2F9FA,0x097E0,0x00000},
    {0x2F9FB,0x2940A,0x00000},
    {0x2F9FC,0x04AB2,0x00000},
    {0x2F9FD,0x29496,0x00000},
    {0x2F9FE,0x0980B,0x00000},
    {0x2F9FF,0x0980B,0x00000},
    {0x2FA00,0x09829,0x00000},
    {0x2FA01,0x295B6,0x00000},
    {0x2FA02,0x098E2,0x00000},
    {0x2FA03,0x04B33,0x00000},
    {0x2FA04,0x09929,0x00000},
    {0x2FA05,0x099A7,0x00000},
    {0x2FA06,0x099C2,0x00000},
    {0x2FA07,0x099FE,0x00000},
    {0x2FA08,0x04BCE,0x00000},
    {0x2FA09,0x29B30,0x00000},
    {0x2FA0A,0x09B12,0x00000},
    {0x2FA0B,0x09C40,0x00000},
    {0x2FA0C,0x09CFD,0x00000},
    {0x2FA0D,0x04CCE,0x00000},
    {0x2FA0E,0x04CED,0x00000},
    {0x2FA0F,0x09D67,0x00000},
    {0x2FA10,0x2A0CE,0x00000},
    {0x2FA11,0x04CF8,0x00000},
    {0x2FA12,0x2A105,0x00000},
    {0x2FA13,0x2A20E,0x00000},
    {0x2FA14,0x2A291,0x00000},
    {0x2FA15,0x09EBB,0x00000},
    {0x2FA16,0x04D56,0x00000},
    {0x2FA17,0x09EF9,0x00000},
    {0x2FA18,0x09EFE,0x00000},
    {0x2FA19,0x09F05,0x00000},
    {0x2FA1A,0x09F0F,0x00000},
    {0x2FA1B,0x09F16,0x00000},
    {0x2FA1C,0x09F3B,0x00000},
    {0x2FA1D,0x2A600,0x00000},
};

// d_internal_composition
//   constant: primary composites, keyed by the pair's first code point then
// its second; `key` holds the first, `first` the second, `second` the
// composite; 961 rows.
static const struct d_lex_unicode_pair d_internal_composition[] =
{
    {0x0003C,0x00338,0x0226E},
    {0x0003D,0x00338,0x02260},
    {0x0003E,0x00338,0x0226F},
    {0x00041,0x00300,0x000C0},
    {0x00041,0x00301,0x000C1},
    {0x00041,0x00302,0x000C2},
    {0x00041,0x00303,0x000C3},
    {0x00041,0x00304,0x00100},
    {0x00041,0x00306,0x00102},
    {0x00041,0x00307,0x00226},
    {0x00041,0x00308,0x000C4},
    {0x00041,0x00309,0x01EA2},
    {0x00041,0x0030A,0x000C5},
    {0x00041,0x0030C,0x001CD},
    {0x00041,0x0030F,0x00200},
    {0x00041,0x00311,0x00202},
    {0x00041,0x00323,0x01EA0},
    {0x00041,0x00325,0x01E00},
    {0x00041,0x00328,0x00104},
    {0x00042,0x00307,0x01E02},
    {0x00042,0x00323,0x01E04},
    {0x00042,0x00331,0x01E06},
    {0x00043,0x00301,0x00106},
    {0x00043,0x00302,0x00108},
    {0x00043,0x00307,0x0010A},
    {0x00043,0x0030C,0x0010C},
    {0x00043,0x00327,0x000C7},
    {0x00044,0x00307,0x01E0A},
    {0x00044,0x0030C,0x0010E},
    {0x00044,0x00323,0x01E0C},
    {0x00044,0x00327,0x01E10},
    {0x00044,0x0032D,0x01E12},
    {0x00044,0x00331,0x01E0E},
    {0x00045,0x00300,0x000C8},
    {0x00045,0x00301,0x000C9},
    {0x00045,0x00302,0x000CA},
    {0x00045,0x00303,0x01EBC},
    {0x00045,0x00304,0x00112},
    {0x00045,0x00306,0x00114},
    {0x00045,0x00307,0x00116},
    {0x00045,0x00308,0x000CB},
    {0x00045,0x00309,0x01EBA},
    {0x00045,0x0030C,0x0011A},
    {0x00045,0x0030F,0x00204},
    {0x00045,0x00311,0x00206},
    {0x00045,0x00323,0x01EB8},
    {0x00045,0x00327,0x00228},
    {0x00045,0x00328,0x00118},
    {0x00045,0x0032D,0x01E18},
    {0x00045,0x00330,0x01E1A},
    {0x00046,0x00307,0x01E1E},
    {0x00047,0x00301,0x001F4},
    {0x00047,0x00302,0x0011C},
    {0x00047,0x00304,0x01E20},
    {0x00047,0x00306,0x0011E},
    {0x00047,0x00307,0x00120},
    {0x00047,0x0030C,0x001E6},
    {0x00047,0x00327,0x00122},
    {0x00048,0x00302,0x00124},
    {0x00048,0x00307,0x01E22},
    {0x00048,0x00308,0x01E26},
    {0x00048,0x0030C,0x0021E},
    {0x00048,0x00323,0x01E24},
    {0x00048,0x00327,0x01E28},
    {0x00048,0x0032E,0x01E2A},
    {0x00049,0x00300,0x000CC},
    {0x00049,0x00301,0x000CD},
    {0x00049,0x00302,0x000CE},
    {0x00049,0x00303,0x00128},
    {0x00049,0x00304,0x0012A},
    {0x00049,0x00306,0x0012C},
    {0x00049,0x00307,0x00130},
    {0x00049,0x00308,0x000CF},
    {0x00049,0x00309,0x01EC8},
    {0x00049,0x0030C,0x001CF},
    {0x00049,0x0030F,0x00208},
    {0x00049,0x00311,0x0020A},
    {0x00049,0x00323,0x01ECA},
    {0x00049,0x00328,0x0012E},
    {0x00049,0x00330,0x01E2C},
    {0x0004A,0x00302,0x00134},
    {0x0004B,0x00301,0x01E30},
    {0x0004B,0x0030C,0x001E8},
    {0x0004B,0x00323,0x01E32},
    {0x0004B,0x00327,0x00136},
    {0x0004B,0x00331,0x01E34},
    {0x0004C,0x00301,0x00139},
    {0x0004C,0x0030C,0x0013D},
    {0x0004C,0x00323,0x01E36},
    {0x0004C,0x00327,0x0013B},
    {0x0004C,0x0032D,0x01E3C},
    {0x0004C,0x00331,0x01E3A},
    {0x0004D,0x00301,0x01E3E},
    {0x0004D,0x00307,0x01E40},
    {0x0004D,0x00323,0x01E42},
    {0x0004E,0x00300,0x001F8},
    {0x0004E,0x00301,0x00143},
    {0x0004E,0x00303,0x000D1},
    {0x0004E,0x00307,0x01E44},
    {0x0004E,0x0030C,0x00147},
    {0x0004E,0x00323,0x01E46},
    {0x0004E,0x00327,0x00145},
    {0x0004E,0x0032D,0x01E4A},
    {0x0004E,0x00331,0x01E48},
    {0x0004F,0x00300,0x000D2},
    {0x0004F,0x00301,0x000D3},
    {0x0004F,0x00302,0x000D4},
    {0x0004F,0x00303,0x000D5},
    {0x0004F,0x00304,0x0014C},
    {0x0004F,0x00306,0x0014E},
    {0x0004F,0x00307,0x0022E},
    {0x0004F,0x00308,0x000D6},
    {0x0004F,0x00309,0x01ECE},
    {0x0004F,0x0030B,0x00150},
    {0x0004F,0x0030C,0x001D1},
    {0x0004F,0x0030F,0x0020C},
    {0x0004F,0x00311,0x0020E},
    {0x0004F,0x0031B,0x001A0},
    {0x0004F,0x00323,0x01ECC},
    {0x0004F,0x00328,0x001EA},
    {0x00050,0x00301,0x01E54},
    {0x00050,0x00307,0x01E56},
    {0x00052,0x00301,0x00154},
    {0x00052,0x00307,0x01E58},
    {0x00052,0x0030C,0x00158},
    {0x00052,0x0030F,0x00210},
    {0x00052,0x00311,0x00212},
    {0x00052,0x00323,0x01E5A},
    {0x00052,0x00327,0x00156},
    {0x00052,0x00331,0x01E5E},
    {0x00053,0x00301,0x0015A},
    {0x00053,0x00302,0x0015C},
    {0x00053,0x00307,0x01E60},
    {0x00053,0x0030C,0x00160},
    {0x00053,0x00323,0x01E62},
    {0x00053,0x00326,0x00218},
    {0x00053,0x00327,0x0015E},
    {0x00054,0x00307,0x01E6A},
    {0x00054,0x0030C,0x00164},
    {0x00054,0x00323,0x01E6C},
    {0x00054,0x00326,0x0021A},
    {0x00054,0x00327,0x00162},
    {0x00054,0x0032D,0x01E70},
    {0x00054,0x00331,0x01E6E},
    {0x00055,0x00300,0x000D9},
    {0x00055,0x00301,0x000DA},
    {0x00055,0x00302,0x000DB},
    {0x00055,0x00303,0x00168},
    {0x00055,0x00304,0x0016A},
    {0x00055,0x00306,0x0016C},
    {0x00055,0x00308,0x000DC},
    {0x00055,0x00309,0x01EE6},
    {0x00055,0x0030A,0x0016E},
    {0x00055,0x0030B,0x00170},
    {0x00055,0x0030C,0x001D3},
    {0x00055,0x0030F,0x00214},
    {0x00055,0x00311,0x00216},
    {0x00055,0x0031B,0x001AF},
    {0x00055,0x00323,0x01EE4},
    {0x00055,0x00324,0x01E72},
    {0x00055,0x00328,0x00172},
    {0x00055,0x0032D,0x01E76},
    {0x00055,0x00330,0x01E74},
    {0x00056,0x00303,0x01E7C},
    {0x00056,0x00323,0x01E7E},
    {0x00057,0x00300,0x01E80},
    {0x00057,0x00301,0x01E82},
    {0x00057,0x00302,0x00174},
    {0x00057,0x00307,0x01E86},
    {0x00057,0x00308,0x01E84},
    {0x00057,0x00323,0x01E88},
    {0x00058,0x00307,0x01E8A},
    {0x00058,0x00308,0x01E8C},
    {0x00059,0x00300,0x01EF2},
    {0x00059,0x00301,0x000DD},
    {0x00059,0x00302,0x00176},
    {0x00059,0x00303,0x01EF8},
    {0x00059,0x00304,0x00232},
    {0x00059,0x00307,0x01E8E},
    {0x00059,0x00308,0x00178},
    {0x00059,0x00309,0x01EF6},
    {0x00059,0x00323,0x01EF4},
    {0x0005A,0x00301,0x00179},
    {0x0005A,0x00302,0x01E90},
    {0x0005A,0x00307,0x0017B},
    {0x0005A,0x0030C,0x0017D},
    {0x0005A,0x00323,0x01E92},
    {0x0005A,0x00331,0x01E94},
    {0x00061,0x00300,0x000E0},
    {0x00061,0x00301,0x000E1},
    {0x00061,0x00302,0x000E2},
    {0x00061,0x00303,0x000E3},
    {0x00061,0x00304,0x00101},
    {0x00061,0x00306,0x00103},
    {0x00061,0x00307,0x00227},
    {0x00061,0x00308,0x000E4},
    {0x00061,0x00309,0x01EA3},
    {0x00061,0x0030A,0x000E5},
    {0x00061,0x0030C,0x001CE},
    {0x00061,0x0030F,0x00201},
    {0x00061,0x00311,0x00203},
    {0x00061,0x00323,0x01EA1},
    {0x00061,0x00325,0x01E01},
    {0x00061,0x00328,0x00105},
    {0x00062,0x00307,0x01E03},
    {0x00062,0x00323,0x01E05},
    {0x00062,0x00331,0x01E07},
    {0x00063,0x00301,0x00107},
    {0x00063,0x00302,0x00109},
    {0x00063,0x00307,0x0010B},
    {0x00063,0x0030C,0x0010D},
    {0x00063,0x00327,0x000E7},
    {0x00064,0x00307,0x01E0B},
    {0x00064,0x0030C,0x0010F},
    {0x00064,0x00323,0x01E0D},
    {0x00064,0x00327,0x01E11},
    {0x00064,0x0032D,0x01E13},
    {0x00064,0x00331,0x01E0F},
    {0x00065,0x00300,0x000E8},
    {0x00065,0x00301,0x000E9},
    {0x00065,0x00302,0x000EA},
    {0x00065,0x00303,0x01EBD},
    {0x00065,0x00304,0x00113},
    {0x00065,0x00306,0x00115},
    {0x00065,0x00307,0x00117},
    {0x00065,0x00308,0x000EB},
    {0x00065,0x00309,0x01EBB},
    {0x00065,0x0030C,0x0011B},
    {0x00065,0x0030F,0x00205},
    {0x00065,0x00311,0x00207},
    {0x00065,0x00323,0x01EB9},
    {0x00065,0x00327,0x00229},
    {0x00065,0x00328,0x00119},
    {0x00065,0x0032D,0x01E19},
    {0x00065,0x00330,0x01E1B},
    {0x00066,0x00307,0x01E1F},
    {0x00067,0x00301,0x001F5},
    {0x00067,0x00302,0x0011D},
    {0x00067,0x00304,0x01E21},
    {0x00067,0x00306,0x0011F},
    {0x00067,0x00307,0x00121},
    {0x00067,0x0030C,0x001E7},
    {0x00067,0x00327,0x00123},
    {0x00068,0x00302,0x00125},
    {0x00068,0x00307,0x01E23},
    {0x00068,0x00308,0x01E27},
    {0x00068,0x0030C,0x0021F},
    {0x00068,0x00323,0x01E25},
    {0x00068,0x00327,0x01E29},
    {0x00068,0x0032E,0x01E2B},
    {0x00068,0x00331,0x01E96},
    {0x00069,0x00300,0x000EC},
    {0x00069,0x00301,0x000ED},
    {0x00069,0x00302,0x000EE},
    {0x00069,0x00303,0x00129},
    {0x00069,0x00304,0x0012B},
    {0x00069,0x00306,0x0012D},
    {0x00069,0x00308,0x000EF},
    {0x00069,0x00309,0x01EC9},
    {0x00069,0x0030C,0x001D0},
    {0x00069,0x0030F,0x00209},
    {0x00069,0x00311,0x0020B},
    {0x00069,0x00323,0x01ECB},
    {0x00069,0x00328,0x0012F},
    {0x00069,0x00330,0x01E2D},
    {0x0006A,0x00302,0x00135},
    {0x0006A,0x0030C,0x001F0},
    {0x0006B,0x00301,0x01E31},
    {0x0006B,0x0030C,0x001E9},
    {0x0006B,0x00323,0x01E33},
    {0x0006B,0x00327,0x00137},
    {0x0006B,0x00331,0x01E35},
    {0x0006C,0x00301,0x0013A},
    {0x0006C,0x0030C,0x0013E},
    {0x0006C,0x00323,0x01E37},
    {0x0006C,0x00327,0x0013C},
    {0x0006C,0x0032D,0x01E3D},
    {0x0006C,0x00331,0x01E3B},
    {0x0006D,0x00301,0x01E3F},
    {0x0006D,0x00307,0x01E41},
    {0x0006D,0x00323,0x01E43},
    {0x0006E,0x00300,0x001F9},
    {0x0006E,0x00301,0x00144},
    {0x0006E,0x00303,0x000F1},
    {0x0006E,0x00307,0x01E45},
    {0x0006E,0x0030C,0x00148},
    {0x0006E,0x00323,0x01E47},
    {0x0006E,0x00327,0x00146},
    {0x0006E,0x0032D,0x01E4B},
    {0x0006E,0x00331,0x01E49},
    {0x0006F,0x00300,0x000F2},
    {0x0006F,0x00301,0x000F3},
    {0x0006F,0x00302,0x000F4},
    {0x0006F,0x00303,0x000F5},
    {0x0006F,0x00304,0x0014D},
    {0x0006F,0x00306,0x0014F},
    {0x0006F,0x00307,0x0022F},
    {0x0006F,0x00308,0x000F6},
    {0x0006F,0x00309,0x01ECF},
    {0x0006F,0x0030B,0x00151},
    {0x0006F,0x0030C,0x001D2},
    {0x0006F,0x0030F,0x0020D},
    {0x0006F,0x00311,0x0020F},
    {0x0006F,0x0031B,0x001A1},
    {0x0006F,0x00323,0x01ECD},
    {0x0006F,0x00328,0x001EB},
    {0x00070,0x00301,0x01E55},
    {0x00070,0x00307,0x01E57},
    {0x00072,0x00301,0x00155},
    {0x00072,0x00307,0x01E59},
    {0x00072,0x0030C,0x00159},
    {0x00072,0x0030F,0x00211},
    {0x00072,0x00311,0x00213},
    {0x00072,0x00323,0x01E5B},
    {0x00072,0x00327,0x00157},
    {0x00072,0x00331,0x01E5F},
    {0x00073,0x00301,0x0015B},
    {0x00073,0x00302,0x0015D},
    {0x00073,0x00307,0x01E61},
    {0x00073,0x0030C,0x00161},
    {0x00073,0x00323,0x01E63},
    {0x00073,0x00326,0x00219},
    {0x00073,0x00327,0x0015F},
    {0x00074,0x00307,0x01E6B},
    {0x00074,0x00308,0x01E97},
    {0x00074,0x0030C,0x00165},
    {0x00074,0x00323,0x01E6D},
    {0x00074,0x00326,0x0021B},
    {0x00074,0x00327,0x00163},
    {0x00074,0x0032D,0x01E71},
    {0x00074,0x00331,0x01E6F},
    {0x00075,0x00300,0x000F9},
    {0x00075,0x00301,0x000FA},
    {0x00075,0x00302,0x000FB},
    {0x00075,0x00303,0x00169},
    {0x00075,0x00304,0x0016B},
    {0x00075,0x00306,0x0016D},
    {0x00075,0x00308,0x000FC},
    {0x00075,0x00309,0x01EE7},
    {0x00075,0x0030A,0x0016F},
    {0x00075,0x0030B,0x00171},
    {0x00075,0x0030C,0x001D4},
    {0x00075,0x0030F,0x00215},
    {0x00075,0x00311,0x00217},
    {0x00075,0x0031B,0x001B0},
    {0x00075,0x00323,0x01EE5},
    {0x00075,0x00324,0x01E73},
    {0x00075,0x00328,0x00173},
    {0x00075,0x0032D,0x01E77},
    {0x00075,0x00330,0x01E75},
    {0x00076,0x00303,0x01E7D},
    {0x00076,0x00323,0x01E7F},
    {0x00077,0x00300,0x01E81},
    {0x00077,0x00301,0x01E83},
    {0x00077,0x00302,0x00175},
    {0x00077,0x00307,0x01E87},
    {0x00077,0x00308,0x01E85},
    {0x00077,0x0030A,0x01E98},
    {0x00077,0x00323,0x01E89},
    {0x00078,0x00307,0x01E8B},
    {0x00078,0x00308,0x01E8D},
    {0x00079,0x00300,0x01EF3},
    {0x00079,0x00301,0x000FD},
    {0x00079,0x00302,0x00177},
    {0x00079,0x00303,0x01EF9},
    {0x00079,0x00304,0x00233},
    {0x00079,0x00307,0x01E8F},
    {0x00079,0x00308,0x000FF},
    {0x00079,0x00309,0x01EF7},
    {0x00079,0x0030A,0x01E99},
    {0x00079,0x00323,0x01EF5},
    {0x0007A,0x00301,0x0017A},
    {0x0007A,0x00302,0x01E91},
    {0x0007A,0x00307,0x0017C},
    {0x0007A,0x0030C,0x0017E},
    {0x0007A,0x00323,0x01E93},
    {0x0007A,0x00331,0x01E95},
    {0x000A8,0x00300,0x01FED},
    {0x000A8,0x00301,0x00385},
    {0x000A8,0x00342,0x01FC1},
    {0x000C2,0x00300,0x01EA6},
    {0x000C2,0x00301,0x01EA4},
    {0x000C2,0x00303,0x01EAA},
    {0x000C2,0x00309,0x01EA8},
    {0x000C4,0x00304,0x001DE},
    {0x000C5,0x00301,0x001FA},
    {0x000C6,0x00301,0x001FC},
    {0x000C6,0x00304,0x001E2},
    {0x000C7,0x00301,0x01E08},
    {0x000CA,0x00300,0x01EC0},
    {0x000CA,0x00301,0x01EBE},
    {0x000CA,0x00303,0x01EC4},
    {0x000CA,0x00309,0x01EC2},
    {0x000CF,0x00301,0x01E2E},
    {0x000D4,0x00300,0x01ED2},
    {0x000D4,0x00301,0x01ED0},
    {0x000D4,0x00303,0x01ED6},
    {0x000D4,0x00309,0x01ED4},
    {0x000D5,0x00301,0x01E4C},
    {0x000D5,0x00304,0x0022C},
    {0x000D5,0x00308,0x01E4E},
    {0x000D6,0x00304,0x0022A},
    {0x000D8,0x00301,0x001FE},
    {0x000DC,0x00300,0x001DB},
    {0x000DC,0x00301,0x001D7},
    {0x000DC,0x00304,0x001D5},
    {0x000DC,0x0030C,0x001D9},
    {0x000E2,0x00300,0x01EA7},
    {0x000E2,0x00301,0x01EA5},
    {0x000E2,0x00303,0x01EAB},
    {0x000E2,0x00309,0x01EA9},
    {0x000E4,0x00304,0x001DF},
    {0x000E5,0x00301,0x001FB},
    {0x000E6,0x00301,0x001FD},
    {0x000E6,0x00304,0x001E3},
    {0x000E7,0x00301,0x01E09},
    {0x000EA,0x00300,0x01EC1},
    {0x000EA,0x00301,0x01EBF},
    {0x000EA,0x00303,0x01EC5},
    {0x000EA,0x00309,0x01EC3},
    {0x000EF,0x00301,0x01E2F},
    {0x000F4,0x00300,0x01ED3},
    {0x000F4,0x00301,0x01ED1},
    {0x000F4,0x00303,0x01ED7},
    {0x000F4,0x00309,0x01ED5},
    {0x000F5,0x00301,0x01E4D},
    {0x000F5,0x00304,0x0022D},
    {0x000F5,0x00308,0x01E4F},
    {0x000F6,0x00304,0x0022B},
    {0x000F8,0x00301,0x001FF},
    {0x000FC,0x00300,0x001DC},
    {0x000FC,0x00301,0x001D8},
    {0x000FC,0x00304,0x001D6},
    {0x000FC,0x0030C,0x001DA},
    {0x00102,0x00300,0x01EB0},
    {0x00102,0x00301,0x01EAE},
    {0x00102,0x00303,0x01EB4},
    {0x00102,0x00309,0x01EB2},
    {0x00103,0x00300,0x01EB1},
    {0x00103,0x00301,0x01EAF},
    {0x00103,0x00303,0x01EB5},
    {0x00103,0x00309,0x01EB3},
    {0x00112,0x00300,0x01E14},
    {0x00112,0x00301,0x01E16},
    {0x00113,0x00300,0x01E15},
    {0x00113,0x00301,0x01E17},
    {0x0014C,0x00300,0x01E50},
    {0x0014C,0x00301,0x01E52},
    {0x0014D,0x00300,0x01E51},
    {0x0014D,0x00301,0x01E53},
    {0x0015A,0x00307,0x01E64},
    {0x0015B,0x00307,0x01E65},
    {0x00160,0x00307,0x01E66},
    {0x00161,0x00307,0x01E67},
    {0x00168,0x00301,0x01E78},
    {0x00169,0x00301,0x01E79},
    {0x0016A,0x00308,0x01E7A},
    {0x0016B,0x00308,0x01E7B},
    {0x0017F,0x00307,0x01E9B},
    {0x001A0,0x00300,0x01EDC},
    {0x001A0,0x00301,0x01EDA},
    {0x001A0,0x00303,0x01EE0},
    {0x001A0,0x00309,0x01EDE},
    {0x001A0,0x00323,0x01EE2},
    {0x001A1,0x00300,0x01EDD},
    {0x001A1,0x00301,0x01EDB},
    {0x001A1,0x00303,0x01EE1},
    {0x001A1,0x00309,0x01EDF},
    {0x001A1,0x00323,0x01EE3},
    {0x001AF,0x00300,0x01EEA},
    {0x001AF,0x00301,0x01EE8},
    {0x001AF,0x00303,0x01EEE},
    {0x001AF,0x00309,0x01EEC},
    {0x001AF,0x00323,0x01EF0},
    {0x001B0,0x00300,0x01EEB},
    {0x001B0,0x00301,0x01EE9},
    {0x001B0,0x00303,0x01EEF},
    {0x001B0,0x00309,0x01EED},
    {0x001B0,0x00323,0x01EF1},
    {0x001B7,0x0030C,0x001EE},
    {0x001EA,0x00304,0x001EC},
    {0x001EB,0x00304,0x001ED},
    {0x00226,0x00304,0x001E0},
    {0x00227,0x00304,0x001E1},
    {0x00228,0x00306,0x01E1C},
    {0x00229,0x00306,0x01E1D},
    {0x0022E,0x00304,0x00230},
    {0x0022F,0x00304,0x00231},
    {0x00292,0x0030C,0x001EF},
    {0x00391,0x00300,0x01FBA},
    {0x00391,0x00301,0x00386},
    {0x00391,0x00304,0x01FB9},
    {0x00391,0x00306,0x01FB8},
    {0x00391,0x00313,0x01F08},
    {0x00391,0x00314,0x01F09},
    {0x00391,0x00345,0x01FBC},
    {0x00395,0x00300,0x01FC8},
    {0x00395,0x00301,0x00388},
    {0x00395,0x00313,0x01F18},
    {0x00395,0x00314,0x01F19},
    {0x00397,0x00300,0x01FCA},
    {0x00397,0x00301,0x00389},
    {0x00397,0x00313,0x01F28},
    {0x00397,0x00314,0x01F29},
    {0x00397,0x00345,0x01FCC},
    {0x00399,0x00300,0x01FDA},
    {0x00399,0x00301,0x0038A},
    {0x00399,0x00304,0x01FD9},
    {0x00399,0x00306,0x01FD8},
    {0x00399,0x00308,0x003AA},
    {0x00399,0x00313,0x01F38},
    {0x00399,0x00314,0x01F39},
    {0x0039F,0x00300,0x01FF8},
    {0x0039F,0x00301,0x0038C},
    {0x0039F,0x00313,0x01F48},
    {0x0039F,0x00314,0x01F49},
    {0x003A1,0x00314,0x01FEC},
    {0x003A5,0x00300,0x01FEA},
    {0x003A5,0x00301,0x0038E},
    {0x003A5,0x00304,0x01FE9},
    {0x003A5,0x00306,0x01FE8},
    {0x003A5,0x00308,0x003AB},
    {0x003A5,0x00314,0x01F59},
    {0x003A9,0x00300,0x01FFA},
    {0x003A9,0x00301,0x0038F},
    {0x003A9,0x00313,0x01F68},
    {0x003A9,0x00314,0x01F69},
    {0x003A9,0x00345,0x01FFC},
    {0x003AC,0x00345,0x01FB4},
    {0x003AE,0x00345,0x01FC4},
    {0x003B1,0x00300,0x01F70},
    {0x003B1,0x00301,0x003AC},
    {0x003B1,0x00304,0x01FB1},
    {0x003B1,0x00306,0x01FB0},
    {0x003B1,0x00313,0x01F00},
    {0x003B1,0x00314,0x01F01},
    {0x003B1,0x00342,0x01FB6},
    {0x003B1,0x00345,0x01FB3},
    {0x003B5,0x00300,0x01F72},
    {0x003B5,0x00301,0x003AD},
    {0x003B5,0x00313,0x01F10},
    {0x003B5,0x00314,0x01F11},
    {0x003B7,0x00300,0x01F74},
    {0x003B7,0x00301,0x003AE},
    {0x003B7,0x00313,0x01F20},
    {0x003B7,0x00314,0x01F21},
    {0x003B7,0x00342,0x01FC6},
    {0x003B7,0x00345,0x01FC3},
    {0x003B9,0x00300,0x01F76},
    {0x003B9,0x00301,0x003AF},
    {0x003B9,0x00304,0x01FD1},
    {0x003B9,0x00306,0x01FD0},
    {0x003B9,0x00308,0x003CA},
    {0x003B9,0x00313,0x01F30},
    {0x003B9,0x00314,0x01F31},
    {0x003B9,0x00342,0x01FD6},
    {0x003BF,0x00300,0x01F78},
    {0x003BF,0x00301,0x003CC},
    {0x003BF,0x00313,0x01F40},
    {0x003BF,0x00314,0x01F41},
    {0x003C1,0x00313,0x01FE4},
    {0x003C1,0x00314,0x01FE5},
    {0x003C5,0x00300,0x01F7A},
    {0x003C5,0x00301,0x003CD},
    {0x003C5,0x00304,0x01FE1},
    {0x003C5,0x00306,0x01FE0},
    {0x003C5,0x00308,0x003CB},
    {0x003C5,0x00313,0x01F50},
    {0x003C5,0x00314,0x01F51},
    {0x003C5,0x00342,0x01FE6},
    {0x003C9,0x00300,0x01F7C},
    {0x003C9,0x00301,0x003CE},
    {0x003C9,0x00313,0x01F60},
    {0x003C9,0x00314,0x01F61},
    {0x003C9,0x00342,0x01FF6},
    {0x003C9,0x00345,0x01FF3},
    {0x003CA,0x00300,0x01FD2},
    {0x003CA,0x00301,0x00390},
    {0x003CA,0x00342,0x01FD7},
    {0x003CB,0x00300,0x01FE2},
    {0x003CB,0x00301,0x003B0},
    {0x003CB,0x00342,0x01FE7},
    {0x003CE,0x00345,0x01FF4},
    {0x003D2,0x00301,0x003D3},
    {0x003D2,0x00308,0x003D4},
    {0x00406,0x00308,0x00407},
    {0x00410,0x00306,0x004D0},
    {0x00410,0x00308,0x004D2},
    {0x00413,0x00301,0x00403},
    {0x00415,0x00300,0x00400},
    {0x00415,0x00306,0x004D6},
    {0x00415,0x00308,0x00401},
    {0x00416,0x00306,0x004C1},
    {0x00416,0x00308,0x004DC},
    {0x00417,0x00308,0x004DE},
    {0x00418,0x00300,0x0040D},
    {0x00418,0x00304,0x004E2},
    {0x00418,0x00306,0x00419},
    {0x00418,0x00308,0x004E4},
    {0x0041A,0x00301,0x0040C},
    {0x0041E,0x00308,0x004E6},
    {0x00423,0x00304,0x004EE},
    {0x00423,0x00306,0x0040E},
    {0x00423,0x00308,0x004F0},
    {0x00423,0x0030B,0x004F2},
    {0x00427,0x00308,0x004F4},
    {0x0042B,0x00308,0x004F8},
    {0x0042D,0x00308,0x004EC},
    {0x00430,0x00306,0x004D1},
    {0x00430,0x00308,0x004D3},
    {0x00433,0x00301,0x00453},
    {0x00435,0x00300,0x00450},
    {0x00435,0x00306,0x004D7},
    {0x00435,0x00308,0x00451},
    {0x00436,0x00306,0x004C2},
    {0x00436,0x00308,0x004DD},
    {0x00437,0x00308,0x004DF},
    {0x00438,0x00300,0x0045D},
    {0x00438,0x00304,0x004E3},
    {0x00438,0x00306,0x00439},
    {0x00438,0x00308,0x004E5},
    {0x0043A,0x00301,0x0045C},
    {0x0043E,0x00308,0x004E7},
    {0x00443,0x00304,0x004EF},
    {0x00443,0x00306,0x0045E},
    {0x00443,0x00308,0x004F1},
    {0x00443,0x0030B,0x004F3},
    {0x00447,0x00308,0x004F5},
    {0x0044B,0x00308,0x004F9},
    {0x0044D,0x00308,0x004ED},
    {0x00456,0x00308,0x00457},
    {0x00474,0x0030F,0x00476},
    {0x00475,0x0030F,0x00477},
    {0x004D8,0x00308,0x004DA},
    {0x004D9,0x00308,0x004DB},
    {0x004E8,0x00308,0x004EA},
    {0x004E9,0x00308,0x004EB},
    {0x00627,0x00653,0x00622},
    {0x00627,0x00654,0x00623},
    {0x00627,0x00655,0x00625},
    {0x00648,0x00654,0x00624},
    {0x0064A,0x00654,0x00626},
    {0x006C1,0x00654,0x006C2},
    {0x006D2,0x00654,0x006D3},
    {0x006D5,0x00654,0x006C0},
    {0x00928,0x0093C,0x00929},
    {0x00930,0x0093C,0x00931},
    {0x00933,0x0093C,0x00934},
    {0x009C7,0x009BE,0x009CB},
    {0x009C7,0x009D7,0x009CC},
    {0x00B47,0x00B3E,0x00B4B},
    {0x00B47,0x00B56,0x00B48},
    {0x00B47,0x00B57,0x00B4C},
    {0x00B92,0x00BD7,0x00B94},
    {0x00BC6,0x00BBE,0x00BCA},
    {0x00BC6,0x00BD7,0x00BCC},
    {0x00BC7,0x00BBE,0x00BCB},
    {0x00C46,0x00C56,0x00C48},
    {0x00CBF,0x00CD5,0x00CC0},
    {0x00CC6,0x00CC2,0x00CCA},
    {0x00CC6,0x00CD5,0x00CC7},
    {0x00CC6,0x00CD6,0x00CC8},
    {0x00CCA,0x00CD5,0x00CCB},
    {0x00D46,0x00D3E,0x00D4A},
    {0x00D46,0x00D57,0x00D4C},
    {0x00D47,0x00D3E,0x00D4B},
    {0x00DD9,0x00DCA,0x00DDA},
    {0x00DD9,0x00DCF,0x00DDC},
    {0x00DD9,0x00DDF,0x00DDE},
    {0x00DDC,0x00DCA,0x00DDD},
    {0x01025,0x0102E,0x01026},
    {0x01B05,0x01B35,0x01B06},
    {0x01B07,0x01B35,0x01B08},
    {0x01B09,0x01B35,0x01B0A},
    {0x01B0B,0x01B35,0x01B0C},
    {0x01B0D,0x01B35,0x01B0E},
    {0x01B11,0x01B35,0x01B12},
    {0x01B3A,0x01B35,0x01B3B},
    {0x01B3C,0x01B35,0x01B3D},
    {0x01B3E,0x01B35,0x01B40},
    {0x01B3F,0x01B35,0x01B41},
    {0x01B42,0x01B35,0x01B43},
    {0x01E36,0x00304,0x01E38},
    {0x01E37,0x00304,0x01E39},
    {0x01E5A,0x00304,0x01E5C},
    {0x01E5B,0x00304,0x01E5D},
    {0x01E62,0x00307,0x01E68},
    {0x01E63,0x00307,0x01E69},
    {0x01EA0,0x00302,0x01EAC},
    {0x01EA0,0x00306,0x01EB6},
    {0x01EA1,0x00302,0x01EAD},
    {0x01EA1,0x00306,0x01EB7},
    {0x01EB8,0x00302,0x01EC6},
    {0x01EB9,0x00302,0x01EC7},
    {0x01ECC,0x00302,0x01ED8},
    {0x01ECD,0x00302,0x01ED9},
    {0x01F00,0x00300,0x01F02},
    {0x01F00,0x00301,0x01F04},
    {0x01F00,0x00342,0x01F06},
    {0x01F00,0x00345,0x01F80},
    {0x01F01,0x00300,0x01F03},
    {0x01F01,0x00301,0x01F05},
    {0x01F01,0x00342,0x01F07},
    {0x01F01,0x00345,0x01F81},
    {0x01F02,0x00345,0x01F82},
    {0x01F03,0x00345,0x01F83},
    {0x01F04,0x00345,0x01F84},
    {0x01F05,0x00345,0x01F85},
    {0x01F06,0x00345,0x01F86},
    {0x01F07,0x00345,0x01F87},
    {0x01F08,0x00300,0x01F0A},
    {0x01F08,0x00301,0x01F0C},
    {0x01F08,0x00342,0x01F0E},
    {0x01F08,0x00345,0x01F88},
    {0x01F09,0x00300,0x01F0B},
    {0x01F09,0x00301,0x01F0D},
    {0x01F09,0x00342,0x01F0F},
    {0x01F09,0x00345,0x01F89},
    {0x01F0A,0x00345,0x01F8A},
    {0x01F0B,0x00345,0x01F8B},
    {0x01F0C,0x00345,0x01F8C},
    {0x01F0D,0x00345,0x01F8D},
    {0x01F0E,0x00345,0x01F8E},
    {0x01F0F,0x00345,0x01F8F},
    {0x01F10,0x00300,0x01F12},
    {0x01F10,0x00301,0x01F14},
    {0x01F11,0x00300,0x01F13},
    {0x01F11,0x00301,0x01F15},
    {0x01F18,0x00300,0x01F1A},
    {0x01F18,0x00301,0x01F1C},
    {0x01F19,0x00300,0x01F1B},
    {0x01F19,0x00301,0x01F1D},
    {0x01F20,0x00300,0x01F22},
    {0x01F20,0x00301,0x01F24},
    {0x01F20,0x00342,0x01F26},
    {0x01F20,0x00345,0x01F90},
    {0x01F21,0x00300,0x01F23},
    {0x01F21,0x00301,0x01F25},
    {0x01F21,0x00342,0x01F27},
    {0x01F21,0x00345,0x01F91},
    {0x01F22,0x00345,0x01F92},
    {0x01F23,0x00345,0x01F93},
    {0x01F24,0x00345,0x01F94},
    {0x01F25,0x00345,0x01F95},
    {0x01F26,0x00345,0x01F96},
    {0x01F27,0x00345,0x01F97},
    {0x01F28,0x00300,0x01F2A},
    {0x01F28,0x00301,0x01F2C},
    {0x01F28,0x00342,0x01F2E},
    {0x01F28,0x00345,0x01F98},
    {0x01F29,0x00300,0x01F2B},
    {0x01F29,0x00301,0x01F2D},
    {0x01F29,0x00342,0x01F2F},
    {0x01F29,0x00345,0x01F99},
    {0x01F2A,0x00345,0x01F9A},
    {0x01F2B,0x00345,0x01F9B},
    {0x01F2C,0x00345,0x01F9C},
    {0x01F2D,0x00345,0x01F9D},
    {0x01F2E,0x00345,0x01F9E},
    {0x01F2F,0x00345,0x01F9F},
    {0x01F30,0x00300,0x01F32},
    {0x01F30,0x00301,0x01F34},
    {0x01F30,0x00342,0x01F36},
    {0x01F31,0x00300,0x01F33},
    {0x01F31,0x00301,0x01F35},
    {0x01F31,0x00342,0x01F37},
    {0x01F38,0x00300,0x01F3A},
    {0x01F38,0x00301,0x01F3C},
    {0x01F38,0x00342,0x01F3E},
    {0x01F39,0x00300,0x01F3B},
    {0x01F39,0x00301,0x01F3D},
    {0x01F39,0x00342,0x01F3F},
    {0x01F40,0x00300,0x01F42},
    {0x01F40,0x00301,0x01F44},
    {0x01F41,0x00300,0x01F43},
    {0x01F41,0x00301,0x01F45},
    {0x01F48,0x00300,0x01F4A},
    {0x01F48,0x00301,0x01F4C},
    {0x01F49,0x00300,0x01F4B},
    {0x01F49,0x00301,0x01F4D},
    {0x01F50,0x00300,0x01F52},
    {0x01F50,0x00301,0x01F54},
    {0x01F50,0x00342,0x01F56},
    {0x01F51,0x00300,0x01F53},
    {0x01F51,0x00301,0x01F55},
    {0x01F51,0x00342,0x01F57},
    {0x01F59,0x00300,0x01F5B},
    {0x01F59,0x00301,0x01F5D},
    {0x01F59,0x00342,0x01F5F},
    {0x01F60,0x00300,0x01F62},
    {0x01F60,0x00301,0x01F64},
    {0x01F60,0x00342,0x01F66},
    {0x01F60,0x00345,0x01FA0},
    {0x01F61,0x00300,0x01F63},
    {0x01F61,0x00301,0x01F65},
    {0x01F61,0x00342,0x01F67},
    {0x01F61,0x00345,0x01FA1},
    {0x01F62,0x00345,0x01FA2},
    {0x01F63,0x00345,0x01FA3},
    {0x01F64,0x00345,0x01FA4},
    {0x01F65,0x00345,0x01FA5},
    {0x01F66,0x00345,0x01FA6},
    {0x01F67,0x00345,0x01FA7},
    {0x01F68,0x00300,0x01F6A},
    {0x01F68,0x00301,0x01F6C},
    {0x01F68,0x00342,0x01F6E},
    {0x01F68,0x00345,0x01FA8},
    {0x01F69,0x00300,0x01F6B},
    {0x01F69,0x00301,0x01F6D},
    {0x01F69,0x00342,0x01F6F},
    {0x01F69,0x00345,0x01FA9},
    {0x01F6A,0x00345,0x01FAA},
    {0x01F6B,0x00345,0x01FAB},
    {0x01F6C,0x00345,0x01FAC},
    {0x01F6D,0x00345,0x01FAD},
    {0x01F6E,0x00345,0x01FAE},
    {0x01F6F,0x00345,0x01FAF},
    {0x01F70,0x00345,0x01FB2},
    {0x01F74,0x00345,0x01FC2},
    {0x01F7C,0x00345,0x01FF2},
    {0x01FB6,0x00345,0x01FB7},
    {0x01FBF,0x00300,0x01FCD},
    {0x01FBF,0x00301,0x01FCE},
    {0x01FBF,0x00342,0x01FCF},
    {0x01FC6,0x00345,0x01FC7},
    {0x01FF6,0x00345,0x01FF7},
    {0x01FFE,0x00300,0x01FDD},
    {0x01FFE,0x00301,0x01FDE},
    {0x01FFE,0x00342,0x01FDF},
    {0x02190,0x00338,0x0219A},
    {0x02192,0x00338,0x0219B},
    {0x02194,0x00338,0x021AE},
    {0x021D0,0x00338,0x021CD},
    {0x021D2,0x00338,0x021CF},
    {0x021D4,0x00338,0x021CE},
    {0x02203,0x00338,0x02204},
    {0x02208,0x00338,0x02209},
    {0x0220B,0x00338,0x0220C},
    {0x02223,0x00338,0x02224},
    {0x02225,0x00338,0x02226},
    {0x0223C,0x00338,0x02241},
    {0x02243,0x00338,0x02244},
    {0x02245,0x00338,0x02247},
    {0x02248,0x00338,0x02249},
    {0x0224D,0x00338,0x0226D},
    {0x02261,0x00338,0x02262},
    {0x02264,0x00338,0x02270},
    {0x02265,0x00338,0x02271},
    {0x02272,0x00338,0x02274},
    {0x02273,0x00338,0x02275},
    {0x02276,0x00338,0x02278},
    {0x02277,0x00338,0x02279},
    {0x0227A,0x00338,0x02280},
    {0x0227B,0x00338,0x02281},
    {0x0227C,0x00338,0x022E0},
    {0x0227D,0x00338,0x022E1},
    {0x02282,0x00338,0x02284},
    {0x02283,0x00338,0x02285},
    {0x02286,0x00338,0x02288},
    {0x02287,0x00338,0x02289},
    {0x02291,0x00338,0x022E2},
    {0x02292,0x00338,0x022E3},
    {0x022A2,0x00338,0x022AC},
    {0x022A8,0x00338,0x022AD},
    {0x022A9,0x00338,0x022AE},
    {0x022AB,0x00338,0x022AF},
    {0x022B2,0x00338,0x022EA},
    {0x022B3,0x00338,0x022EB},
    {0x022B4,0x00338,0x022EC},
    {0x022B5,0x00338,0x022ED},
    {0x03046,0x03099,0x03094},
    {0x0304B,0x03099,0x0304C},
    {0x0304D,0x03099,0x0304E},
    {0x0304F,0x03099,0x03050},
    {0x03051,0x03099,0x03052},
    {0x03053,0x03099,0x03054},
    {0x03055,0x03099,0x03056},
    {0x03057,0x03099,0x03058},
    {0x03059,0x03099,0x0305A},
    {0x0305B,0x03099,0x0305C},
    {0x0305D,0x03099,0x0305E},
    {0x0305F,0x03099,0x03060},
    {0x03061,0x03099,0x03062},
    {0x03064,0x03099,0x03065},
    {0x03066,0x03099,0x03067},
    {0x03068,0x03099,0x03069},
    {0x0306F,0x03099,0x03070},
    {0x0306F,0x0309A,0x03071},
    {0x03072,0x03099,0x03073},
    {0x03072,0x0309A,0x03074},
    {0x03075,0x03099,0x03076},
    {0x03075,0x0309A,0x03077},
    {0x03078,0x03099,0x03079},
    {0x03078,0x0309A,0x0307A},
    {0x0307B,0x03099,0x0307C},
    {0x0307B,0x0309A,0x0307D},
    {0x0309D,0x03099,0x0309E},
    {0x030A6,0x03099,0x030F4},
    {0x030AB,0x03099,0x030AC},
    {0x030AD,0x03099,0x030AE},
    {0x030AF,0x03099,0x030B0},
    {0x030B1,0x03099,0x030B2},
    {0x030B3,0x03099,0x030B4},
    {0x030B5,0x03099,0x030B6},
    {0x030B7,0x03099,0x030B8},
    {0x030B9,0x03099,0x030BA},
    {0x030BB,0x03099,0x030BC},
    {0x030BD,0x03099,0x030BE},
    {0x030BF,0x03099,0x030C0},
    {0x030C1,0x03099,0x030C2},
    {0x030C4,0x03099,0x030C5},
    {0x030C6,0x03099,0x030C7},
    {0x030C8,0x03099,0x030C9},
    {0x030CF,0x03099,0x030D0},
    {0x030CF,0x0309A,0x030D1},
    {0x030D2,0x03099,0x030D3},
    {0x030D2,0x0309A,0x030D4},
    {0x030D5,0x03099,0x030D6},
    {0x030D5,0x0309A,0x030D7},
    {0x030D8,0x03099,0x030D9},
    {0x030D8,0x0309A,0x030DA},
    {0x030DB,0x03099,0x030DC},
    {0x030DB,0x0309A,0x030DD},
    {0x030EF,0x03099,0x030F7},
    {0x030F0,0x03099,0x030F8},
    {0x030F1,0x03099,0x030F9},
    {0x030F2,0x03099,0x030FA},
    {0x030FD,0x03099,0x030FE},
    {0x105D2,0x00307,0x105C9},
    {0x105DA,0x00307,0x105E4},
    {0x11099,0x110BA,0x1109A},
    {0x1109B,0x110BA,0x1109C},
    {0x110A5,0x110BA,0x110AB},
    {0x11131,0x11127,0x1112E},
    {0x11132,0x11127,0x1112F},
    {0x11347,0x1133E,0x1134B},
    {0x11347,0x11357,0x1134C},
    {0x11382,0x113C9,0x11383},
    {0x11384,0x113BB,0x11385},
    {0x1138B,0x113C2,0x1138E},
    {0x11390,0x113C9,0x11391},
    {0x113C2,0x113B8,0x113C7},
    {0x113C2,0x113C2,0x113C5},
    {0x113C2,0x113C9,0x113C8},
    {0x114B9,0x114B0,0x114BC},
    {0x114B9,0x114BA,0x114BB},
    {0x114B9,0x114BD,0x114BE},
    {0x115B8,0x115AF,0x115BA},
    {0x115B9,0x115AF,0x115BB},
    {0x11935,0x11930,0x11938},
    {0x1611E,0x1611E,0x16121},
    {0x1611E,0x1611F,0x16123},
    {0x1611E,0x16120,0x16125},
    {0x1611E,0x16129,0x16122},
    {0x16121,0x1611F,0x16126},
    {0x16121,0x16120,0x16128},
    {0x16122,0x1611F,0x16127},
    {0x16129,0x1611F,0x16124},
    {0x16D63,0x16D67,0x16D69},
    {0x16D67,0x16D67,0x16D68},
    {0x16D69,0x16D67,0x16D6A},
};


#endif  // DJINTERP_PARSE_LEX_LEX_UNICODE_DATA_H
